id,segmento,sigla,ementa,dataApresentacao,situacao,urlInteiroTeor,arquivo
2599885,educacao,PL 1/2026,"Altera a Lei nº 11.892, de 29 de dezembro de 2008, que institui a Rede Federal de Educação Profissional, Científica e Tecnológica, para criar o Instituto Federal do Sertão Paraibano.",2026-01-02T10:11,Arquivada,https://www.camara.leg.br/proposicoesWeb/prop_mostrarintegra?codteor=3073106,pdfs/educacao/PL_1_2026.pdf
2599928,educacao,MPV 1334/2026,"Altera a Lei nº 11.738, de 16 de julho de 2008, para dispor sobre o piso salarial profissional nacional para os profissionais do magistério público da educação básica.",2026-01-22T00:00,Transformado em Norma Jurídica,https://www.camara.leg.br/proposicoesWeb/prop_mostrarintegra?codteor=3075288,pdfs/educacao/MPV_1334_2026.pdf
2600000,educacao,PL 14/2026,"Altera a Lei nº 9.795, de 27 de abril de 1999, para dispor sobre o bem-estar e a proteção animal no âmbito da Política Nacional de Educação Ambiental.",2026-02-02T09:27,,https://www.camara.leg.br/proposicoesWeb/prop_mostrarintegra?codteor=3075805,pdfs/educacao/PL_14_2026.pdf
2600073,educacao,PL 31/2026,"Altera a Lei nº 15.202, de 11 de setembro de 2025, para incluir os profissionais da educação escolar básica entre os destinatários do documento de identificação nacional.",2026-02-02T10:43,Aguardando Parecer,https://www.camara.leg.br/proposicoesWeb/prop_mostrarintegra?codteor=3075916,pdfs/educacao/PL_31_2026.pdf
2600078,educacao,PL 35/2026,"Altera a Lei nº 8.001, de 13 de março de 1990, para obrigar Estados, Distrito Federal e Municípios a destinarem à educação pública, com prioridade para a educação básica, pelo menos 20% dos recursos da Compensação Financeira pela Exploração de Recursos Minerais (CFEM).",2026-02-02T11:02,Aguardando Despacho do Presidente da Câmara dos Deputados (Autorização),https://www.camara.leg.br/proposicoesWeb/prop_mostrarintegra?codteor=3075924,pdfs/educacao/PL_35_2026.pdf
2600103,educacao,PL 52/2026,"Institui a Política Nacional de Cidadania Digital, estabelecendo seus princípios, objetivos, diretrizes de implementação e mecanismos de monitoramento, e dá outras providências.",2026-02-02T11:47,Aguardando Parecer,https://www.camara.leg.br/proposicoesWeb/prop_mostrarintegra?codteor=3075958,pdfs/educacao/PL_52_2026.pdf
2600118,educacao,PL 62/2026,Regulamenta a profissão de teólogo.,2026-02-02T12:28,Aguardando Parecer,https://www.camara.leg.br/proposicoesWeb/prop_mostrarintegra?codteor=3075984,pdfs/educacao/PL_62_2026.pdf
2600124,educacao,PL 67/2026,Institui a Política Nacional de Prevenção e Enfrentamento da Violência no Ambiente Escolar - PREVINE - e dá outras providências.,2026-02-02T12:47,Tramitando em Conjunto,https://www.camara.leg.br/proposicoesWeb/prop_mostrarintegra?codteor=3075998,pdfs/educacao/PL_67_2026.pdf
2600166,educacao,PL 91/2026,"Institui a Política Nacional de Educação para Proteção, Respeito e Empatia com os Animais, no âmbito da educação básica, e dá outras providências.",2026-02-02T14:45,Tramitando em Conjunto,https://www.camara.leg.br/proposicoesWeb/prop_mostrarintegra?codteor=3077273,pdfs/educacao/PL_91_2026.pdf
2600234,educacao,PL 108/2026,"Altera a Lei nº 9.250, de 26 de dezembro de 1995, para elevar o limite de dedução de despesas com instrução do contribuinte e de seus dependentes, para efeito da apuração do Imposto sobre a Renda da Pessoa Física.”",2026-02-02T16:44,Aguardando Encaminhamento,https://www.camara.leg.br/proposicoesWeb/prop_mostrarintegra?codteor=3077412,pdfs/educacao/PL_108_2026.pdf
2600293,educacao,PL 122/2026,"Institui o Programa “Assistente Social na Escola” para a promoção da inclusão e o combate à evasão escolar na educação básica, e dá outras providências.",2026-02-02T19:00,Aguardando Parecer,https://www.camara.leg.br/proposicoesWeb/prop_mostrarintegra?codteor=3077514,pdfs/educacao/PL_122_2026.pdf
2600298,educacao,PL 127/2026,"Altera a Lei nº 14.818, de 16 de janeiro de 2024, que institui incentivo financeiro-educacional, na modalidade de poupança, destinado à permanência e à conclusão escolar de estudantes do ensino médio, para ampliar o rol de beneficiários do Programa Pé-de-Meia e incluir estudantes matriculados em instituições filantrópicas, confessionais e comunitárias detentoras de Certificação de Entidade Beneficente de Assistência Social – CEBAS.",2026-02-02T19:08,Aguardando Parecer,https://www.camara.leg.br/proposicoesWeb/prop_mostrarintegra?codteor=3077525,pdfs/educacao/PL_127_2026.pdf
2600303,educacao,PL 131/2026,Institui a Tarifa Zero Estudantil no 	transporte público coletivo urbano para estudantes de baixa renda e dá outras providências.,2026-02-02T19:18,Pronta para Pauta,https://www.camara.leg.br/proposicoesWeb/prop_mostrarintegra?codteor=3077531,pdfs/educacao/PL_131_2026.pdf
2600304,educacao,PL 132/2026,Institui o Programa “Psicólogo na Escola” para a promoção da saúde mental na educação básica e dá outras providências.,2026-02-02T19:22,Aguardando Encaminhamento,https://www.camara.leg.br/proposicoesWeb/prop_mostrarintegra?codteor=3077532,pdfs/educacao/PL_132_2026.pdf
2600415,educacao,PL 173/2026,"Altera a Lei nº 11.892 de 29 de dezembro de 2008 para ampliar para o seis o número de Pró-Reitorias, sendo uma dela com a finalidade específica de Assuntos Estudantis.",2026-02-03T11:59,Aguardando Despacho do Presidente da Câmara dos Deputados (Autorização),https://www.camara.leg.br/proposicoesWeb/prop_mostrarintegra?codteor=3077733,pdfs/educacao/PL_173_2026.pdf
2600608,educacao,PL 209/2026,"Estabelece normas gerais de segurança preventiva e resposta a emergências em estabelecimentos de ensino da rede pública e privada de educação básica, visando à proteção da vida e à integridade física da comunidade escolar.",2026-02-03T17:15,Pronta para Pauta,https://www.camara.leg.br/proposicoesWeb/prop_mostrarintegra?codteor=3078113,pdfs/educacao/PL_209_2026.pdf
2600629,educacao,PL 218/2026,"Altera a Lei nº 10.861, de 14 de abril de 2004, para aperfeiçoar os instrumentos de avaliação e supervisão da educação superior nos cursos da área de saúde no âmbito do Sistema Nacional de Avaliação da Educação Superior (Sinaes), e dá outras providências.",2026-02-03T17:46,Aguardando Designação de Relator(a),https://www.camara.leg.br/proposicoesWeb/prop_mostrarintegra?codteor=3078140,pdfs/educacao/PL_218_2026.pdf
2600733,educacao,PL 242/2026,"Altera o § 2º do art. 8° da Lei n° 9.250, de 26 de dezembro de 1995, para assegurar a dedução, como despesas médicas, das despesas com instrução de pessoas com deficiência física ou mental, em escolas de ensino regular ou especializado, sem o limite anual imposto às despesas de educação convencionais, desde que comprovada em laudo médico a condição e a necessidade do tratamento ou suporte educacional.",2026-02-04T10:08,Aguardando Designação de Relator(a),https://www.camara.leg.br/proposicoesWeb/prop_mostrarintegra?codteor=3078333,pdfs/educacao/PL_242_2026.pdf
2600750,educacao,PL 256/2026,"Altera a Lei nº 12.830, de 20 de junho de 2013, para dispor sobre a prioridade investigativa e o incentivo à especialização policial no combate aos crimes de maus-tratos contra animais previstos na Lei nº 9.605, de 12 de fevereiro de 1998.",2026-02-04T10:45,Aguardando Designação de Relator(a),https://www.camara.leg.br/proposicoesWeb/prop_mostrarintegra?codteor=3078353,pdfs/educacao/PL_256_2026.pdf
2600777,educacao,PL 262/2026,"Acrescenta o item 1 ao parágrafo 1º. do artigo 29 da Lei 14.967 de 09 de setembro de 2024, de forma a deixar clara a intenção do legislador no sentido de garantir o direito do vigilante superior e do vigilante, ao acesso aos cursos de atualização profissional, que deverão ser providenciados e totalmente custeados pelo empregador.",2026-02-04T11:34,Tramitando em Conjunto,https://www.camara.leg.br/proposicoesWeb/prop_mostrarintegra?codteor=3078398,pdfs/educacao/PL_262_2026.pdf
2600899,educacao,PL 286/2026,"Altera a Lei nº 9.394, de 20 de dezembro de 1996, e a Lei nº 9.795, de 27 de abril de 1999, para dispor sobre medidas de promoção do reconhecimento, do respeito, da responsabilidade e do convívio cuidadoso com os animais na educação ambiental, bem como cria a Semana Escolar de Proteção, Respeito e Empatia com os Animais.",2026-02-04T15:22,Aguardando Parecer,https://www.camara.leg.br/proposicoesWeb/prop_mostrarintegra?codteor=3078645,pdfs/educacao/PL_286_2026.pdf
2601059,educacao,PL 323/2026,"Cria o Fundo Nacional de Inovação, Desenvolvimento, Massificação e Universalização em Educação Digital e Inteligência Artificial (FinEducaDigital).",2026-02-05T11:11,Pronta para Pauta,https://www.camara.leg.br/proposicoesWeb/prop_mostrarintegra?codteor=3078931,pdfs/educacao/PL_323_2026.pdf
2601179,educacao,PL 348/2026,"Institui a Educação Financeira como componente obrigatório e transversal no currículo da educação básica, define conteúdos mínimos por etapa de ensino, estabelece diretrizes para formação docente, avaliação de resultados e implementação progressiva, e dá outras providências.",2026-02-05T15:24,Aguardando Encaminhamento,https://www.camara.leg.br/proposicoesWeb/prop_mostrarintegra?codteor=3079221,pdfs/educacao/PL_348_2026.pdf
2601198,educacao,PL 353/2026,"Altera a Lei nº 8.842, de 4 de janeiro de 1994, que dispõe sobre a Política Nacional do Idoso, e a Lei nº 10.741, de 1º de outubro de 2003, que institui o Estatuto da Pessoa Idosa, para estabelecer a Política Nacional de Inclusão e Letramento Digital da Pessoa Idosa (Conecta 60+) e dá outras providências.",2026-02-05T16:15,Pronta para Pauta,https://www.camara.leg.br/proposicoesWeb/prop_mostrarintegra?codteor=3079245,pdfs/educacao/PL_353_2026.pdf
2601275,educacao,PL 383/2026,"Institui a disciplina Educação em Proteção e Direitos dos Animais como conteúdo obrigatório na educação básica; dispõe sobre a punição para crimes de maus-tratos a animais, tornando-os hediondos e imprescritíveis; estabelece a perda da guarda e tutela ao condenado; dispõe sobre o atendimento público à saúde animal e o controle populacional por meio de esterilização gratuita e cria o Cadastro Nacional de Pessoas Condenadas por Crimes Contra Animais.",2026-02-06T16:04,Aguardando Parecer,https://www.camara.leg.br/proposicoesWeb/prop_mostrarintegra?codteor=3079523,pdfs/educacao/PL_383_2026.pdf
2601936,educacao,PL 426/2026,"Altera a Lei nº 8.989, de 24 de fevereiro de 1995, para conceder isenção do Imposto sobre Produtos Industrializados para veículos adquiridos por profissionais de segurança pública integrantes do Sistema Único de Segurança Pública (Susp), conforme definidos na Lei nº 13.675, de 11 de junho de 2018, bem como aos membros dos demais órgãos e entidades que o compõem em caráter operacional ou estratégico.",2026-02-10T13:50,Aguardando Parecer,https://www.camara.leg.br/proposicoesWeb/prop_mostrarintegra?codteor=3080823,pdfs/educacao/PL_426_2026.pdf
2602197,educacao,PL 448/2026,"Institui o Exame Nacional de Proficiência em Medicina – PROFIMED e altera as Leis nº 3.268, de 30 de setembro de 1957 e 12.842, de 10 de julho de 2013.",2026-02-10T18:24,Tramitando em Conjunto,https://www.camara.leg.br/proposicoesWeb/prop_mostrarintegra?codteor=3081148,pdfs/educacao/PL_448_2026.pdf
2602327,educacao,PL 461/2026,"Institui a Semana Nacional de Educação Integral em Saúde da Mulher – Lei Delas Por Elas, a ser realizada anualmente no mês de março, e dá outras providências.",2026-02-10T20:49,Aguardando Parecer,https://www.camara.leg.br/proposicoesWeb/prop_mostrarintegra?codteor=3081385,pdfs/educacao/PL_461_2026.pdf
2602342,educacao,PL 462/2026,Institui o Sistema Nacional de Prevenção à Violência Juvenil – SINAPREV-Jovem,2026-02-10T22:07,Aguardando Designação de Relator(a),https://www.camara.leg.br/proposicoesWeb/prop_mostrarintegra?codteor=3081458,pdfs/educacao/PL_462_2026.pdf
2602407,educacao,PL 471/2026,"Institui a obrigatoriedade da disciplina de Educação Financeira na educação básica, e dá outras providências.",2026-02-11T11:19,Tramitando em Conjunto,https://www.camara.leg.br/proposicoesWeb/prop_mostrarintegra?codteor=3081585,pdfs/educacao/PL_471_2026.pdf
2602520,educacao,PL 480/2026,"Acrescenta o art. 64-A à Lei nº 9.394, de 20 de dezembro de 1996, para dispor que os profissionais de educação contratados ou designados para exercer funções de administração, planejamento, inspeção, supervisão ou orientação educacional na educação básica deverão comprovar noções básicas de Língua Brasileira de Sinais (Libras).",2026-02-11T13:40,Aguardando Designação de Relator(a),https://www.camara.leg.br/proposicoesWeb/prop_mostrarintegra?codteor=3081757,pdfs/educacao/PL_480_2026.pdf
2602622,educacao,PL 496/2026,Estabelece diretrizes nacionais para a implementação do programa de tutoria intensiva e recomposição estruturada de aprendizagens na educação básica.,2026-02-11T15:51,Pronta para Pauta,https://www.camara.leg.br/proposicoesWeb/prop_mostrarintegra?codteor=3082062,pdfs/educacao/PL_496_2026.pdf
2602655,educacao,PL 504/2026,"Institui a Política Nacional de Reutilização, Circulação Solidária e Sustentável de Livros Didáticos na Educação Básica, assegura o direito ao reaproveitamento de material escolar em boas condições, estabelece deveres às instituições de ensino e editoras, e dá outras providências.",2026-02-11T16:33,Aguardando Parecer,https://www.camara.leg.br/proposicoesWeb/prop_mostrarintegra?codteor=3082323,pdfs/educacao/PL_504_2026.pdf
2602667,educacao,PL 508/2026,"Estabelece regra de priorização orçamentária para ações federais de educação infantil, de alfabetização e dos anos iniciais do ensino fundamental.",2026-02-11T16:51,Aguardando Parecer,https://www.camara.leg.br/proposicoesWeb/prop_mostrarintegra?codteor=3082336,pdfs/educacao/PL_508_2026.pdf
2602696,educacao,PL 515/2026,"Institui a Campanha Nacional Permanente “SUS para Todos – Conhecer para Cuidar”, e dá outras providências.",2026-02-11T17:19,Aguardando Encaminhamento,https://www.camara.leg.br/proposicoesWeb/prop_mostrarintegra?codteor=3082369,pdfs/educacao/PL_515_2026.pdf
2602719,educacao,PL 520/2026,"Altera a Lei nº 9.394, de 1996, de diretrizes e bases da educação nacional, para acrescentar dispositivos relativos ao direito prioritário dos pais ou responsáveis de orientar a formação moral, ética e valorativa de seus dependentes",2026-02-11T18:03,Tramitando em Conjunto,https://www.camara.leg.br/proposicoesWeb/prop_mostrarintegra?codteor=3082392,pdfs/educacao/PL_520_2026.pdf
2602720,educacao,PL 521/2026,Declara São José de Anchieta como Patrono da educação confessional brasileira,2026-02-11T18:03,Aguardando Parecer,https://www.camara.leg.br/proposicoesWeb/prop_mostrarintegra?codteor=3082393,pdfs/educacao/PL_521_2026.pdf
2602835,educacao,PL 530/2026,"Institui a Política Nacional de Autonomia Econômica Progressiva da Mulher, cria mecanismos de transição da vulnerabilidade social para independência financeira e dá outras providências.",2026-02-12T10:05,Tramitando em Conjunto,https://www.camara.leg.br/proposicoesWeb/prop_mostrarintegra?codteor=3082674,pdfs/educacao/PL_530_2026.pdf
2602903,educacao,PL 537/2026,Institui a Semana Nacional pelo Direito à Água Potável e Saneamento nas Escolas de Educação Básica.,2026-02-12T14:15,Aguardando Designação de Relator(a),https://www.camara.leg.br/proposicoesWeb/prop_mostrarintegra?codteor=3082989,pdfs/educacao/PL_537_2026.pdf
2603097,educacao,PL 563/2026,"Altera a Lei nº 9.795, de 27 de abril de 1999, para incluir a proteção e o bem-estar animal como conteúdo obrigatório no âmbito da educação ambiental.",2026-02-13T12:05,,https://www.camara.leg.br/proposicoesWeb/prop_mostrarintegra?codteor=3083837,pdfs/educacao/PL_563_2026.pdf
2603131,educacao,PL 572/2026,Reconhece a crianças e adolescentes com Transtorno do Espectro Autista (TEA) o direito a protetores auriculares no âmbito da rede pública de ensino.,2026-02-13T15:52,Tramitando em Conjunto,https://www.camara.leg.br/proposicoesWeb/prop_mostrarintegra?codteor=3083939,pdfs/educacao/PL_572_2026.pdf
2603138,educacao,PL 574/2026,"Altera a Lei nº 14.826, de 20 de março de 2024, que institui a parentalidade positiva, para estabelecer a oferta de serviços de orientação e apoio em educação parental por Estados, Distrito Federal e Municípios.",2026-02-13T17:42,Aguardando Designação de Relator(a),https://www.camara.leg.br/proposicoesWeb/prop_mostrarintegra?codteor=3084204,pdfs/educacao/PL_574_2026.pdf
2603147,educacao,PL 577/2026,"Altera a Lei nº 9.394, de 20 de dezembro de 1996, para instituir a educação tributária como componente curricular no ensino brasileiro.",2026-02-16T15:11,Pronta para Pauta,https://www.camara.leg.br/proposicoesWeb/prop_mostrarintegra?codteor=3084325,pdfs/educacao/PL_577_2026.pdf
2603519,educacao,PL 617/2026,Estabelece a obrigatoriedade da presença de técnico de enfermagem nos estabelecimentos de ensino integral públicos e privados.,2026-02-20T11:54,Aguardando Designação de Relator(a),https://www.camara.leg.br/proposicoesWeb/prop_mostrarintegra?codteor=3085345,pdfs/educacao/PL_617_2026.pdf
2603649,educacao,PL 621/2026,Institui a Semana Nacional da Educação Financeira.,2026-02-20T16:02,Aguardando Parecer,https://www.camara.leg.br/proposicoesWeb/prop_mostrarintegra?codteor=3085698,pdfs/educacao/PL_621_2026.pdf
2603690,educacao,PL 632/2026,"Estabelece diretrizes gerais para o fortalecimento da atuação das enfermeiras obstétricas e das obstetrizes na atenção ao parto, ao nascimento e ao puerpério, no âmbito do Sistema Único de Saúde.",2026-02-20T17:34,Pronta para Pauta,https://www.camara.leg.br/proposicoesWeb/prop_mostrarintegra?codteor=3085789,pdfs/educacao/PL_632_2026.pdf
2603716,educacao,PL 642/2026,"Dispõe sobre vedação de aulas a distância (EAD), para efeitos de integralização da carga horária dos cursos de licenciatura e bacharelado em Educação Física.",2026-02-20T20:12,Aguardando Encaminhamento,https://www.camara.leg.br/proposicoesWeb/prop_mostrarintegra?codteor=3085818,pdfs/educacao/PL_642_2026.pdf
2603971,educacao,PL 674/2026,"Dispõe sobre a obrigatoriedade de inclusão da letra do Hino Nacional Brasileiro na capa dos livros didáticos distribuídos às escolas públicas da educação básica, faculta sua adoção às instituições privadas e dá outras providências.",2026-02-24T11:00,Pronta para Pauta,https://www.camara.leg.br/proposicoesWeb/prop_mostrarintegra?codteor=3086564,pdfs/educacao/PL_674_2026.pdf
2604032,educacao,PL 685/2026,"Altera a Lei nº 14.967, de 9 de setembro de 2024, que institui o Estatuto da Segurança Privada e da Segurança das Instituições Financeiras, para incentivar e estabelecer benefícios às pessoas jurídicas que doarem veículos blindados para os órgãos integrantes do Sistema Único de Segurança Pública (Susp), e dá outras providências.",2026-02-24T13:25,Aguardando Parecer,https://www.camara.leg.br/proposicoesWeb/prop_mostrarintegra?codteor=3086775,pdfs/educacao/PL_685_2026.pdf
2604102,educacao,PL 689/2026,"Altera a Lei nº 9.795, de 27 de abril de 1999, para instituir o Selo Nacional Escola Sustentável no âmbito da Política Nacional de Educação Ambiental.",2026-02-24T13:52,Aguardando Designação de Relator(a),https://www.camara.leg.br/proposicoesWeb/prop_mostrarintegra?codteor=3086862,pdfs/educacao/PL_689_2026.pdf
2604139,educacao,PL 700/2026,"Institui a Garantia de Transição Assistida na Educação para crianças, adolescentes e jovens com Transtorno do Espectro Autista (TEA) e dá outras providências.",2026-02-24T14:20,Tramitando em Conjunto,https://www.camara.leg.br/proposicoesWeb/prop_mostrarintegra?codteor=3086954,pdfs/educacao/PL_700_2026.pdf
2604140,educacao,PL 701/2026,Institui a Certificação Nacional de Escolas Inclusivas (CNEI) e dá outras providências.,2026-02-24T14:25,Aguardando Despacho do Presidente da Câmara dos Deputados (Autorização),https://www.camara.leg.br/proposicoesWeb/prop_mostrarintegra?codteor=3086956,pdfs/educacao/PL_701_2026.pdf
2604230,educacao,PL 714/2026,Institui o Programa de Capacitação de professores e funcionários de estabelecimentos de ensino público para auxílio a crianças e adolescentes que sejam portadoras de Diabetes Mellitus Tipo 1 (um) e 2 (dois).,2026-02-24T16:31,Aguardando Designação de Relator(a),https://www.camara.leg.br/proposicoesWeb/prop_mostrarintegra?codteor=3087127,pdfs/educacao/PL_714_2026.pdf
2604448,educacao,PL 735/2026,"Altera a Lei nº 13.675, de 11 de junho de 2018, que dispõe sobre a Política Nacional de Segurança Pública e Defesa Social, para prever a capacitação e a atualização periódica em suporte básico de vida na matriz curricular dos profissionais de segurança pública e defesa social.",2026-02-25T08:27,Aguardando Parecer,https://www.camara.leg.br/proposicoesWeb/prop_mostrarintegra?codteor=3087554,pdfs/educacao/PL_735_2026.pdf
2604649,educacao,PL 745/2026,"Altera a Lei nº 8.069, de 13 de julho de 1990, e a Lei nº 15.221, de 29 de setembro de 2025, para assegurar à gestante o direito ao parto normal com oferta de analgesia peridural, promover ações de informação e capacitação profissional e incentivar a redução de cesarianas desnecessárias.",2026-02-25T12:34,Pronta para Pauta,https://www.camara.leg.br/proposicoesWeb/prop_mostrarintegra?codteor=3087837,pdfs/educacao/PL_745_2026.pdf
2604749,educacao,PL 759/2026,"Altera a redação do § 9º do artigo 26 da Lei n° 9.394 de 20 de dezembro de 1996, que Estabelece a Lei de Diretrizes e Bases da Educação Nacional.",2026-02-25T15:25,Aguardando Parecer,https://www.camara.leg.br/proposicoesWeb/prop_mostrarintegra?codteor=3088116,pdfs/educacao/PL_759_2026.pdf
2604836,educacao,PL 773/2026,"Altera a da Lei nº 	13.756, de 12 de dezembro de 2018, para ampliar percentual do produto da arrecadação dos operadores da loteria de apostas de quota fixa destinado a diversos setores da sociedade e para destinar parte da arrecadação para o fomento do ensino, da pesquisa, da extensão e da inovação na área do esporte nas universidades públicas brasileiras.",2026-02-25T17:15,Aguardando Parecer,https://www.camara.leg.br/proposicoesWeb/prop_mostrarintegra?codteor=3088281,pdfs/educacao/PL_773_2026.pdf
2604850,educacao,PL 777/2026,"Altera a Lei nº 11.738, de 16 de julho de 2008, para estabelecer que o piso salarial profissional nacional do magistério público da educação básica corresponde ao vencimento inicial da carreira, vedada a sua composição por meio de abonos, prêmios, subsídios ou outras vantagens pecuniárias, e tipifica o seu descumprimento como ato de improbidade administrativa.",2026-02-25T17:36,Pronta para Pauta,https://www.camara.leg.br/proposicoesWeb/prop_mostrarintegra?codteor=3088310,pdfs/educacao/PL_777_2026.pdf
2605682,educacao,PLP 38/2026,"Dispõe, nos termos do art. 146, III, “a”, da Constituição Federal, sobre normas gerais relativas à dedutibilidade tributária de despesas com educação e dá outras providências.",2026-03-02T17:55,Aguardando Despacho do Presidente da Câmara dos Deputados (Chancela),https://www.camara.leg.br/proposicoesWeb/prop_mostrarintegra?codteor=3090314,pdfs/educacao/PLP_38_2026.pdf
2605958,educacao,PL 873/2026,Cria a Universidade Federal da Inclusão e da Acessibilidade – UFIA,2026-03-03T12:27,Aguardando Despacho do Presidente da Câmara dos Deputados (Autorização),https://www.camara.leg.br/proposicoesWeb/prop_mostrarintegra?codteor=3090714,pdfs/educacao/PL_873_2026.pdf
2606302,educacao,PL 900/2026,"Institui regime especial de tributação aplicável aos profissionais do magistério, com implantação progressiva e observância às normas de responsabilidade fiscal.",2026-03-03T17:30,Tramitando em Conjunto,https://www.camara.leg.br/proposicoesWeb/prop_mostrarintegra?codteor=3091412,pdfs/educacao/PL_900_2026.pdf
2606627,educacao,PL 916/2026,"Estabelece diretrizes para contratações públicas e capacitações relativas a treinamento em ressuscitação cardiopulmonar e uso de desfibrilador externo automático no âmbito da Administração Pública Federal, com o intuito de melhor atender o público feminino.",2026-03-04T11:11,Pronta para Pauta,https://www.camara.leg.br/proposicoesWeb/prop_mostrarintegra?codteor=3091984,pdfs/educacao/PL_916_2026.pdf
2606798,educacao,PL 924/2026,"Institui o Programa de Parentalidade Consciente, estabelece a obrigatoriedade de cursos de convivência parental em processos de divórcio e dissolução de união estável com filhos menores ou incapazes, e dá outras providências.",2026-03-04T13:54,Pronta para Pauta,https://www.camara.leg.br/proposicoesWeb/prop_mostrarintegra?codteor=3092304,pdfs/educacao/PL_924_2026.pdf
2606862,educacao,PL 934/2026,"Altera a Lei nº 9.394, de 20 de dezembro de 1996, para dispor sobre o controle de frequência e a verificação do rendimento dos educandos incluídos no regime escolar especial.",2026-03-04T15:31,Pronta para Pauta,https://www.camara.leg.br/proposicoesWeb/prop_mostrarintegra?codteor=3092448,pdfs/educacao/PL_934_2026.pdf
2606880,educacao,PL 936/2026,"Institui a Lei Escola pela Vida das Mulheres, que altera altera a Lei nº 9.394, de 20 de dezembro de 1996 (Lei de Diretrizes e Bases da Educação Nacional), para incluir, no currículo oficial da rede de ensino, conteúdos voltados à prevenção da violência contra mulheres e meninas e à promoção da igualdade entre homens e mulheres.",2026-03-04T16:08,Tramitando em Conjunto,https://www.camara.leg.br/proposicoesWeb/prop_mostrarintegra?codteor=3092481,pdfs/educacao/PL_936_2026.pdf
2606929,educacao,PL 944/2026,"Estabelece normas mínimas de segurança, comunicação imediata e responsabilidade civil para excursões e atividades extracurriculares promovidas por instituições de ensino e dá outras providências.",2026-03-04T17:22,Aguardando Parecer,https://www.camara.leg.br/proposicoesWeb/prop_mostrarintegra?codteor=3092577,pdfs/educacao/PL_944_2026.pdf
2607083,educacao,PL 958/2026,"Altera a Lei nº 8.069, de 13 de julho de 1990, a Lei n° 9.394, de 20 de dezembro de 1996, e a Lei nº 9.795, de 27 de abril de 1999, para dispor sobre proteção dos animais, e institui o Dia Nacional da Proteção, Respeito e Empatia com os Animais.",2026-03-05T00:54,Aguardando Parecer,https://www.camara.leg.br/proposicoesWeb/prop_mostrarintegra?codteor=3093056,pdfs/educacao/PL_958_2026.pdf
2607269,educacao,PDL 102/2026,"Aprova o texto do Acordo entre o Governo da República Federativa do Brasil e o Governo da República das Filipinas na Área Educacional, assinado em Manila, Filipinas, em 23 de agosto de 2024.",2026-03-05T19:13,Aguardando Designação - Aguardando Devolução de Relator(a) que deixou de ser Membro,https://www.camara.leg.br/proposicoesWeb/prop_mostrarintegra?codteor=3093526,pdfs/educacao/PDL_102_2026.pdf
2607374,educacao,PL 983/2026,"Dispõe sobre a denominação do Campus do Instituto Federal da Bahia (IFBA), em Macaúbas, de Professor Ático Vilas-Boas da Mota.",2026-03-05T19:54,Aguardando Parecer,https://www.camara.leg.br/proposicoesWeb/prop_mostrarintegra?codteor=3093643,pdfs/educacao/PL_983_2026.pdf
2607378,educacao,PL 985/2026,Institui o Programa Nacional de Renda e Reingresso Produtivo para Mulheres em Situação de Violência Doméstica e Familiar e dá outras providências.,2026-03-05T23:05,Tramitando em Conjunto,https://www.camara.leg.br/proposicoesWeb/prop_mostrarintegra?codteor=3093647,pdfs/educacao/PL_985_2026.pdf
2607512,educacao,PL 1021/2026,"Altera a Lei nº 9.394, de 20 de dezembro de 1996, para fortalecer, na educação básica, conteúdos de formação humana, cultura de paz, respeito mútuo, prevenção da violência e proteção das mulheres e meninas.",2026-03-09T12:49,Tramitando em Conjunto,https://www.camara.leg.br/proposicoesWeb/prop_mostrarintegra?codteor=3094140,pdfs/educacao/PL_1021_2026.pdf
2607600,educacao,PL 1047/2026,"Altera a Lei nº 9.250, de 26 de dezembro de 1995, para ampliar despesas dedutíveis da base de cálculo do Imposto de Renda das Pessoas Físicas com educação.",2026-03-09T17:54,Aguardando Designação de Relator(a),https://www.camara.leg.br/proposicoesWeb/prop_mostrarintegra?codteor=3094359,pdfs/educacao/PL_1047_2026.pdf
2607606,educacao,PL 1049/2026,"Institui a Política Nacional para Estudantes com Altas Habilidades ou Superdotação, cria o Cadastro Nacional de Estudantes com Altas Habilidades ou Superdotação, e altera a Lei nº 11.578, de 26 de novembro de 2007.",2026-03-09T18:23,Transformado em Norma Jurídica,https://www.camara.leg.br/proposicoesWeb/prop_mostrarintegra?codteor=3094366,pdfs/educacao/PL_1049_2026.pdf
2608102,educacao,PL 1096/2026,"Dispõe sobre o Estatuto da Mulher, diploma legal que consolida os direitos e garantias fundamentais, estabelece as diretrizes para as políticas públicas de promoção da igualdade de gênero e de combate a todas as formas de discriminação e violência contra a mulher no Brasil.",2026-03-11T10:01,Aguardando Despacho do Presidente da Câmara dos Deputados (Chancela),https://www.camara.leg.br/proposicoesWeb/prop_mostrarintegra?codteor=3095419,pdfs/educacao/PL_1096_2026.pdf
2608298,educacao,PL 1113/2026,Altera o ECA Digital para vedar o emprego de práticas de design viciante em serviços digitais acessíveis a crianças e adolescentes.,2026-03-11T15:20,Tramitando em Conjunto,https://www.camara.leg.br/proposicoesWeb/prop_mostrarintegra?codteor=3095787,pdfs/educacao/PL_1113_2026.pdf
2608637,educacao,PL 1145/2026,"Dispõe sobre a prevenção, o combate e a responsabilização por atos de incitação, promoção, financiamento, organização e difusão de discursos e práticas misóginas em redes sociais e aplicações digitais, inclusive quando dirigidos de forma racializada contra mulheres negras, indígenas, quilombolas e imigrantes, e estabelece medidas de proteção, educação digital e responsabilização civil no ambiente online.",2026-03-12T14:57,Tramitando em Conjunto,https://www.camara.leg.br/proposicoesWeb/prop_mostrarintegra?codteor=3096694,pdfs/educacao/PL_1145_2026.pdf
2608979,educacao,PL 1171/2026,"Altera a Lei nº 9.394, de 20 de dezembro de 1996, Lei de Diretrizes e Bases da Educação Nacional, para instituir programa nacional de incentivo ao desenvolvimento acadêmico de estudantes da educação básica com altas habilidades ou superdotação.",2026-03-16T12:25,,https://www.camara.leg.br/proposicoesWeb/prop_mostrarintegra?codteor=3097712,pdfs/educacao/PL_1171_2026.pdf
2609192,educacao,PL 1196/2026,"Institui a Política Nacional de Integração Tecnológica Estruturada na Educação Básica - Novo Saber; autoriza a criação de Núcleos de Produção Intelectual Aplicada à Educação Básica no âmbito das Instituições Científicas, Tecnológicas e de Inovação; incentiva a criação dos Centros de Vocações Tecnológicas Compartilhados; e estabelece mecanismos de indução federativa, em consonância com a Política Nacional de Educação Digital.",2026-03-17T11:06,Aguardando Parecer,https://www.camara.leg.br/proposicoesWeb/prop_mostrarintegra?codteor=3098505,pdfs/educacao/PL_1196_2026.pdf
2609429,educacao,PL 1206/2026,Institui a obrigatoriedade de disponibilização de atendimento psicológico aos profissionais da educação em todas as instituições de ensino do território nacional e dá outras providências.,2026-03-17T14:37,Pronta para Pauta,https://www.camara.leg.br/proposicoesWeb/prop_mostrarintegra?codteor=3098832,pdfs/educacao/PL_1206_2026.pdf
2609587,educacao,PL 1225/2026,"Dispõe sobre o uso de sistemas de reconhecimento facial e outras tecnologias biométricas em instituições de ensino da educação básica; estabelece requisitos de consentimento, transparência algorítmica e proteção de dados de crianças e adolescentes; proíbe a vinculação automática de registros de frequência gerados por algoritmos a sistemas de benefícios socioassistenciais; e dá outras providências.",2026-03-17T17:23,Aguardando Parecer,https://www.camara.leg.br/proposicoesWeb/prop_mostrarintegra?codteor=3099156,pdfs/educacao/PL_1225_2026.pdf
2609756,educacao,PL 1237/2026,"Altera a Lei nº 11.738, de 16 de julho de 2008, para vedar a alteração da carga horária dos profissionais do magistério público por meio de ato infralegal e dá outras providências.",2026-03-17T18:51,,https://www.camara.leg.br/proposicoesWeb/prop_mostrarintegra?codteor=3099457,pdfs/educacao/PL_1237_2026.pdf
2609833,educacao,PL 1240/2026,"Institui a obrigatoriedade de instalação de Sistema de Posicionamento Global (GPS) e de tecnologias de rastreamento e monitoramento em tempo real nos veículos utilizados para transporte escolar, estabelece requisitos mínimos de funcionamento, acesso às informações pelos responsáveis legais e pelo poder público, define condições para autorização e renovação do serviço, dispõe sobre proteção de dados e segurança da informação, e dá outras providências.",2026-03-17T20:31,Aguardando Parecer,https://www.camara.leg.br/proposicoesWeb/prop_mostrarintegra?codteor=3099595,pdfs/educacao/PL_1240_2026.pdf
2610264,educacao,PL 1251/2026,"Altera a Lei nº 9.394, de 20 de dezembro de 1996, para incluir, nas diretrizes curriculares do curso de graduação em medicina, conteúdo obrigatório sobre fitoterapia.",2026-03-18T13:49,,https://www.camara.leg.br/proposicoesWeb/prop_mostrarintegra?codteor=3100288,pdfs/educacao/PL_1251_2026.pdf
2610574,educacao,PL 1271/2026,"Institui o Programa Nacional AMPARA, de formação nas escolas de educação básica, para prevenção da violência contra crianças, adolescentes e mulheres, e estabelece diretrizes para sua implementação em regime de colaboração e em articulação com a rede de proteção integral.",2026-03-18T18:59,Tramitando em Conjunto,https://www.camara.leg.br/proposicoesWeb/prop_mostrarintegra?codteor=3100986,pdfs/educacao/PL_1271_2026.pdf
2610597,educacao,PL 1275/2026,"Institui o Programa de Capacitação Permanente para a Abordagem Humanizada e Técnica de Pessoas com Transtorno do Espectro Autista – TEA, deficiência intelectual e surdez no âmbito das forças e instituições de segurança pública, estabelece diretrizes para formação inicial e continuada dos agentes, define conteúdos mínimos obrigatórios, dispõe sobre cooperação com instituições especializadas e entidades da sociedade civil, e dá outras providências.",2026-03-18T19:41,Aguardando Parecer,https://www.camara.leg.br/proposicoesWeb/prop_mostrarintegra?codteor=3101035,pdfs/educacao/PL_1275_2026.pdf
2610605,educacao,PL 1278/2026,"Institui a Política Nacional de Capacitação Permanente de Agentes de Segurança Pública e Guardas Municipais em Suporte Básico de Vida e no Uso de Desfibrilador Externo Automático (DEA), estabelece diretrizes para a disponibilização obrigatória de desfibriladores em viaturas de patrulhamento ostensivo em áreas de grande circulação de pessoas, incentiva parcerias com sociedades médicas científicas reconhecidas e altera a Lei nº 13.022, de 8 de agosto de 2014, para incluir competência específica das guardas municipais na atuação emergencial em casos de parada cardiorrespiratória, e dá outras providências.",2026-03-18T19:51,Aguardando Parecer,https://www.camara.leg.br/proposicoesWeb/prop_mostrarintegra?codteor=3101044,pdfs/educacao/PL_1278_2026.pdf
2610665,educacao,PL 1283/2026,Dispõe sobre o Programa Nacional de Incentivo à Docência Inclusiva.,2026-03-19T08:57,Aguardando Designação de Relator(a),https://www.camara.leg.br/proposicoesWeb/prop_mostrarintegra?codteor=3101235,pdfs/educacao/PL_1283_2026.pdf
2610845,educacao,PL 1293/2026,"Altera o art. 18 da Lei nº 8.078, de 11 de setembro de 1990 (Código de Defesa do Consumidor), para definir o conceito de produto essencial, estabelecer rol exemplificativo e disciplinar a disponibilização de produto substituto temporário em caso de vício do produto.",2026-03-19T11:37,Tramitando em Conjunto,https://www.camara.leg.br/proposicoesWeb/prop_mostrarintegra?codteor=3101467,pdfs/educacao/PL_1293_2026.pdf
2610970,educacao,PL 1302/2026,"Institui o Programa Novas Masculinidades para Igualdade nas escolas públicas de educação básica, destinado à promoção de ações educativas voltadas à prevenção da violência contra mulheres e meninas, à formação cidadã dos estudantes e ao fortalecimento de relações baseadas no respeito, igualdade e convivência democrática.",2026-03-19T18:17,Aguardando Designação de Relator(a),https://www.camara.leg.br/proposicoesWeb/prop_mostrarintegra?codteor=3102080,pdfs/educacao/PL_1302_2026.pdf
2611136,educacao,PL 1319/2026,"Institui a Política Nacional de Bem-Estar e Proteção Animal; reconhece os animais não humanos como seres dotados de sensibilidade, capazes de sentir dor, sofrimento, medo, estresse e bem-estar;autoriza a criação do Cadastro Nacional de Agressores de Animais; altera o Código Civil para afastar a equiparação de animais a
coisas; e altera a Lei nº 9.605/1998 para agravar penas em hipóteses de lesão grave e morte e altera as Leis nº 9.394, de 20 de dezembro de 1996, nº 9.795, de 27 de abril de 1999, e nº 8.069, de 13 de julho de 1990,
para dispor sobre a prevenção e o combate à violência contra os animais, a promoção de seu bem-estar, e o desenvolvimento de empatia nas escolas.",2026-03-20T17:38,Tramitando em Conjunto,https://www.camara.leg.br/proposicoesWeb/prop_mostrarintegra?codteor=3102472,pdfs/educacao/PL_1319_2026.pdf
2611406,educacao,PL 1346/2026,"Institui o Programa Nacional de Qualificação Profissional e Empreendedorismo no Acolhimento (PROQUAPE), altera a Lei nº 11.343, de 23 de agosto de 2006, a Lei nº 9.394, de 20 de dezembro de 1996, e a Lei nº 14.133, de 1º de abril de 2021, para garantir formação técnica, incentivos à empregabilidade e inovação tecnológica no acolhimento em comunidades terapêuticas acolhedora.",2026-03-24T11:50,Aguardando Designação de Relator(a),https://www.camara.leg.br/proposicoesWeb/prop_mostrarintegra?codteor=3103223,pdfs/educacao/PL_1346_2026.pdf
2611425,educacao,PL 1347/2026,Institui a Política Nacional de Apoio ao Estudante Universitário Trabalhador.,2026-03-24T12:32,Aguardando Parecer,https://www.camara.leg.br/proposicoesWeb/prop_mostrarintegra?codteor=3103253,pdfs/educacao/PL_1347_2026.pdf
2611429,educacao,PL 1350/2026,Institui o Programa Nacional de Apoio a Jovens Universitários de Baixa Renda.,2026-03-24T12:35,Aguardando Parecer,https://www.camara.leg.br/proposicoesWeb/prop_mostrarintegra?codteor=3103259,pdfs/educacao/PL_1350_2026.pdf
2611547,educacao,PL 1370/2026,Dispõe sobre a isenção do IRPF incidente sobre a remuneração de professores em efetivo exercício da docência e estabelece medidas de compensação da renúncia fiscal.,2026-03-24T16:09,Tramitando em Conjunto,https://www.camara.leg.br/proposicoesWeb/prop_mostrarintegra?codteor=3103531,pdfs/educacao/PL_1370_2026.pdf
2611866,educacao,PL 1398/2026,"Institui o Sistema Nacional de Escolas Públicas de Educação Inclusiva – SNEEI, no âmbito da União, dos Estados, do Distrito Federal e dos Municípios, e dá outras providências.",2026-03-25T14:19,Aguardando Encaminhamento,https://www.camara.leg.br/proposicoesWeb/prop_mostrarintegra?codteor=3104449,pdfs/educacao/PL_1398_2026.pdf
2612016,educacao,PL 1413/2026,"Institui a Política Nacional de Reestruturação Financeira das Famílias, com diretrizes para prevenção e tratamento do superendividamento, e dá outras providências.",2026-03-25T18:53,Pronta para Pauta,https://www.camara.leg.br/proposicoesWeb/prop_mostrarintegra?codteor=3104924,pdfs/educacao/PL_1413_2026.pdf
2612027,educacao,PL 1416/2026,"Dispõe sobre a definição, qualificação e prerrogativas das Instituições Municipais de Educação Superior - IMES, institui o Programa de Apoio às Instituições Municipais de Educação Superior (PRO-IMES) e dá outras providências.",2026-03-25T19:11,Pronta para Pauta,https://www.camara.leg.br/proposicoesWeb/prop_mostrarintegra?codteor=3104936,pdfs/educacao/PL_1416_2026.pdf
2612285,educacao,PL 1418/2026,Institui a Política Nacional de Atenção Integral ao Climatério e à Menopausa.,2026-03-25T20:37,Aguardando Parecer,https://www.camara.leg.br/proposicoesWeb/prop_mostrarintegra?codteor=3105284,pdfs/educacao/PL_1418_2026.pdf
2612364,educacao,PL 1435/2026,"Altera a Lei nº 9.394, de 20 de dezembro de 1996, para incluir a educação para a proteção e o bem-estar animal como tema transversal nos currículos da educação básica.",2026-03-26T12:33,Tramitando em Conjunto,https://www.camara.leg.br/proposicoesWeb/prop_mostrarintegra?codteor=3105495,pdfs/educacao/PL_1435_2026.pdf
2612631,educacao,PL 1465/2026,"Altera a Lei nº 9.795, de 27 de abril de 1999, que institui a Política Nacional de Educação Ambiental, e a Lei nº 14.133, de 1º de abril de 2021, Lei de Licitações e Contratos Administrativos, para dispor sobre a substituição progressiva de produtos plásticos descartáveis de uso único e materiais escolares plásticos por alternativas renováveis ou reutilizáveis na Administração Pública e nas instituições de ensino públicas e privadas.",2026-03-27T17:37,Aguardando Parecer,https://www.camara.leg.br/proposicoesWeb/prop_mostrarintegra?codteor=3106408,pdfs/educacao/PL_1465_2026.pdf
2612635,educacao,PL 1466/2026,"Altera o art. 36 da Lei no 9.394, de 20 de dezembro de 1996, Esta Lei altera a lei que estabelece as diretrizes e bases da educação nacional, para incluir a Filosofia e a Sociologia como componentes curriculares obrigatórios nos currículos do ensino médio.",2026-03-27T19:10,Pronta para Pauta,https://www.camara.leg.br/proposicoesWeb/prop_mostrarintegra?codteor=3106433,pdfs/educacao/PL_1466_2026.pdf
2612683,educacao,PL 1473/2026,"Altera a Lei nº 9.394, de 20 de dezembro de 1996 (Lei de Diretrizes e Bases da Educação Nacional), para estabelecer parâmetros mínimos obrigatórios de composição das turmas na Educação Infantil, assegurando quantitativo adequado de profissionais para garantia do cuidado, da segurança e do acompanhamento pedagógico das crianças na primeira infância.",2026-03-30T12:59,Pronta para Pauta,https://www.camara.leg.br/proposicoesWeb/prop_mostrarintegra?codteor=3106601,pdfs/educacao/PL_1473_2026.pdf
2612767,educacao,PL 1490/2026,"Altera o § 2º do art. 67 da Lei nº 9.394, de 20 de dezembro de 1996 (Lei de Diretrizes e Bases da Educação Nacional), para explicitar o enquadramento, como funções de magistério, das atividades pedagógicas exercidas por especialistas em educação e por profissionais que atuem em órgãos gestores dos sistemas de ensino, para fins de aposentadoria especial.",2026-03-30T16:35,Aguardando Encaminhamento,https://www.camara.leg.br/proposicoesWeb/prop_mostrarintegra?codteor=3106822,pdfs/educacao/PL_1490_2026.pdf
2612786,educacao,PL 1500/2026,"Autoriza a criação do Programa Nacional de Infraestrutura Digital e Estratégia Industrial para a Economia de Dados; institui o Conselho Interministerial de Economia Digital (CIED) para coordenação de políticas públicas, regulatórias e industriais; disciplina mecanismos de promoção de investimentos, procedimentos de licenciamento acelerado e condicionamento de incentivos ao desenvolvimento local, e dá outras providências.",2026-03-30T17:22,Aguardando Designação de Relator(a),https://www.camara.leg.br/proposicoesWeb/prop_mostrarintegra?codteor=3106853,pdfs/educacao/PL_1500_2026.pdf
2612792,educacao,PL 1505/2026,"Estabelece a política nacional de alfabetização integral e equitativa, fixa meta nacional de desempenho leitor até o final do 3º ano do Ensino Fundamental, define indicadores operacionais de alfabetização, disciplina alinhamento curricular, materiais e avaliações, institui formação inicial e continuada remunerada para professoras alfabetizadoras, condições de trabalho mínimas, suporte especializado e ações de promoção da alfabetização bilíngue/multilíngue e intercultural, cria sistema nacional de monitoramento público e transparente com dados desagregados e dispõe sobre financiamento mínimo, governança e mecanismos de responsabilização técnica e de apoio aos entes federados.",2026-03-30T17:32,Aguardando Parecer,https://www.camara.leg.br/proposicoesWeb/prop_mostrarintegra?codteor=3106861,pdfs/educacao/PL_1505_2026.pdf
2612800,educacao,PL 1513/2026,"Institui o Programa Nacional Obrigatório de Integridade e Capacitação Gestora (PNO?ICG), estabelece a obrigatoriedade de programas de integridade e unidades de apoio à integridade em órgãos e entidades da administração pública federal, estadual e municipal; cria o Sistema Nacional de Monitoramento Contínuo de Políticas Públicas (SIN?MCP); disciplina mecanismos de participação cidadã e coavaliação; e institui regime de responsabilização proporcional privilegiando orientação, capacitação e correção para atos de boa?fé, reservando sanções para dolo ou erro grosseiro, ao mesmo tempo que prevê instrumentos de cooperação intergovernamental, proteção de denunciantes, transparência ativa e medidas de capacitação contínua.",2026-03-30T17:45,Aguardando Designação de Relator(a),https://www.camara.leg.br/proposicoesWeb/prop_mostrarintegra?codteor=3106871,pdfs/educacao/PL_1513_2026.pdf
2612806,educacao,PL 1517/2026,"Reconhece, tutela e uniformiza em âmbito nacional as políticas de ações afirmativas em instituições de ensino superior públicas e em instituições privadas beneficiadas por recursos públicos; estabelece padrões mínimos para adoção de cotas e medidas compensatórias, veda que estados ou municípios editem normas que suprimam ou restrinjam tais políticas, cria mecanismos federais de monitoramento, apoio técnico e financeiro, prevê medidas de condicionalidade de repasses federais e dispõe sobre tramitação processual prioritária para controvérsias federativas relativas à matéria.",2026-03-30T17:51,Pronta para Pauta,https://www.camara.leg.br/proposicoesWeb/prop_mostrarintegra?codteor=3106882,pdfs/educacao/PL_1517_2026.pdf
2612848,educacao,PL 1531/2026,"Altera a Lei nº 9.394, de 20 de dezembro de 1996 (Lei de Diretrizes e Bases da Educação Nacional), a fim de definir diretrizes para o ensino médio, e as Leis nºs 14.818, de 16 de janeiro de 2024, 12.711, de 29 de agosto de 2012, e 11.096, de 13 de janeiro de 2005.",2026-03-30T18:19,Aguardando Parecer,https://www.camara.leg.br/proposicoesWeb/prop_mostrarintegra?codteor=3106980,pdfs/educacao/PL_1531_2026.pdf
2612993,educacao,PL 1554/2026,"Dispõe sobre a inclusão obrigatória de conteúdos relativos ao combate à violência contra mulheres nos currículos da educação básica, e dá outras providências.",2026-03-31T15:07,Tramitando em Conjunto,https://www.camara.leg.br/proposicoesWeb/prop_mostrarintegra?codteor=3107371,pdfs/educacao/PL_1554_2026.pdf
2612995,educacao,PL 1555/2026,"Altera a redação do § 9º do art. 26 da Lei nº 9.394, de 1996, de diretrizes e bases da educação nacional, para inserir os conteúdos relativos aos direitos humanos e à prevenção de violência contra a criança, o adolescente e a mulher como conteúdos específicos da parte diversificada nos currículos escolares a partir do quinto ano do ensino fundamental.",2026-03-31T15:08,Aguardando Parecer,https://www.camara.leg.br/proposicoesWeb/prop_mostrarintegra?codteor=3107374,pdfs/educacao/PL_1555_2026.pdf
2612996,educacao,PL 1556/2026,Dispõe sobre a obrigatoriedade da inclusão de conteúdos de educação para o trânsito no currículo das escolas da educação básica e dá outras providências.,2026-03-31T15:15,Aguardando Parecer,https://www.camara.leg.br/proposicoesWeb/prop_mostrarintegra?codteor=3107376,pdfs/educacao/PL_1556_2026.pdf
2613034,educacao,PL 1568/2026,"Altera a Lei nº 8.069, de 13 de julho de 1990 (Estatuto da Criança e do Adolescente), para dispor sobre a prevenção da violência praticada por adolescentes, a corresponsabilização educativa de pais e responsáveis e a adoção de medidas socioeducativas proporcionais a natureza do direito violado pelo ato infracional.",2026-03-31T17:29,Aguardando Designação de Relator(a),https://www.camara.leg.br/proposicoesWeb/prop_mostrarintegra?codteor=3107540,pdfs/educacao/PL_1568_2026.pdf
2613084,educacao,PL 1573/2026,"Altera a Lei nº 9.394, de 20 de dezembro de 1996, para dispor sobre o incentivo à participação dos estudantes em atividades de caráter social, comunitário e voluntário.",2026-04-01T11:33,Aguardando Designação de Relator(a),https://www.camara.leg.br/proposicoesWeb/prop_mostrarintegra?codteor=3107822,pdfs/educacao/PL_1573_2026.pdf
2613394,educacao,PL 1593/2026,"Dispõe sobre a unificação de registros educacionais na Plataforma de Governança Digital (Gov.br), estabelece a obrigatoriedade de interoperabilidade de dados entre sistemas de ensino e dá outras providências",2026-04-06T12:25,Aguardando Despacho do Presidente da Câmara dos Deputados (Autorização),https://www.camara.leg.br/proposicoesWeb/prop_mostrarintegra?codteor=3108617,pdfs/educacao/PL_1593_2026.pdf
2417313,meio_ambiente,PL 161/2024,Dispõe sobre o Programa de Fomento às Cidades Resilientes e dá outras providências,2024-02-06T16:34,Aguardando Designação de Relator(a),https://www.camara.leg.br/proposicoesWeb/prop_mostrarintegra?codteor=2385245,pdfs/meio_ambiente/PL_161_2024.pdf
2418728,meio_ambiente,PL 454/2024,"Altera a Lei nº 7.797, de 10 de julho de 1989, e a Lei nº 9.605 de 12 de fevereiro de 1998, para dispor sobre a utilização de recursos do Fundo Nacional do Meio Ambiente para projetos ligados à castração de animais em municípios que tenham unidades de pronto atendimento animal ofertadas a população.",2024-02-27T16:30,Aguardando Designação de Relator(a),https://www.camara.leg.br/proposicoesWeb/prop_mostrarintegra?codteor=2389786,pdfs/meio_ambiente/PL_454_2024.pdf
2420522,meio_ambiente,PL 716/2024,Dispõe sobre as condições de comercialização de produtos cosméticos mediante procedimento de refilagem e dá outras providências.,2024-03-12T18:09,Aguardando Parecer,https://www.camara.leg.br/proposicoesWeb/prop_mostrarintegra?codteor=2393979,pdfs/meio_ambiente/PL_716_2024.pdf
2420665,meio_ambiente,MPV 1209/2024,"Abre crédito extraordinário, em favor dos Ministérios da Justiça e Segurança Pública; do Meio Ambiente e Mudança do Clima; do Desenvolvimento Agrário e Agricultura Familiar; da Defesa; do Desenvolvimento e Assistência Social, Família e Combate à Fome; da Pesca e Aquicultura; dos Direitos Humanos e da Cidadania; e dos Povos Indígenas, no valor de R$ 1.062.231.956,00, para os fins que especifica.",2024-03-13T00:00,Transformado em Norma Jurídica,https://www.camara.leg.br/proposicoesWeb/prop_mostrarintegra?codteor=2394268,pdfs/meio_ambiente/MPV_1209_2024.pdf
2422069,meio_ambiente,PLP 29/2024,"Dispõe sobre a regulamentação do imposto seletivo previsto na Emenda Constitucional nº 132, de 20 de dezembro de 2023, e dá outras providências.",2024-03-19T20:11,Pronta para Pauta,https://www.camara.leg.br/proposicoesWeb/prop_mostrarintegra?codteor=2397164,pdfs/meio_ambiente/PLP_29_2024.pdf
2426854,meio_ambiente,PL 1257/2024,"Dispõe sobre a criação da Política Nacional de Conservação do Solo e Incentivo ao Serviço Voluntário Ambiental com o objetivo de promover a preservação e o uso sustentável dos recursos naturais, especialmente do solo, com o objetivo de promover a preservação e o uso sustentável dos recursos naturais, especialmente do solo",2024-04-15T18:54,Pronta para Pauta,https://www.camara.leg.br/proposicoesWeb/prop_mostrarintegra?codteor=2407678,pdfs/meio_ambiente/PL_1257_2024.pdf
2427040,meio_ambiente,PL 1275/2024,"Altera a Lei nº 12.187, de 29 de dezembro de 2009, que institui a Política Nacional sobre Mudança do Clima - PNMC e dá outras providências, para incluir disposições relativas à emergência climática.",2024-04-16T13:50,Tramitando em Conjunto,https://www.camara.leg.br/proposicoesWeb/prop_mostrarintegra?codteor=2407950,pdfs/meio_ambiente/PL_1275_2024.pdf
2427043,meio_ambiente,PL 1277/2024,Destina percentual de 5% (cinco por cento) da Compensação Financeira pela Exploração de Recursos Minerais (CFEM) a órgãos municipais de meio ambiente e projetos ambientais.,2024-04-16T13:51,Aguardando Designação de Relator(a),https://www.camara.leg.br/proposicoesWeb/prop_mostrarintegra?codteor=2407955,pdfs/meio_ambiente/PL_1277_2024.pdf
2428595,meio_ambiente,PL 1377/2024,Institui o Dia Nacional do Reflorestamento e dos Corações Unidos pela Cura da Terra,2024-04-22T19:51,Aguardando Designação de Relator(a),https://www.camara.leg.br/proposicoesWeb/prop_mostrarintegra?codteor=2411528,pdfs/meio_ambiente/PL_1377_2024.pdf
2482230,meio_ambiente,PL 50/2025,"Inclui o art. 5º A na Lei nº 6.938, de 31 de agosto de 1981, para dispor sobre as atividades de prospecção e exploração de recursos minerais nos fundos oceânicos, e dá outras providências.",2025-02-03T09:13,Aguardando Designação de Relator(a),https://www.camara.leg.br/proposicoesWeb/prop_mostrarintegra?codteor=2849796,pdfs/meio_ambiente/PL_50_2025.pdf
2482877,meio_ambiente,PL 257/2025,"Altera a Lei nº 7.797, de 10 de julho de 1989, que cria o Fundo Nacional de Meio Ambiente, para incluir o bem-estar animal entre as prioridades de aplicação dos recursos.",2025-02-04T18:19,Aguardando Designação de Relator(a),https://www.camara.leg.br/proposicoesWeb/prop_mostrarintegra?codteor=2850994,pdfs/meio_ambiente/PL_257_2025.pdf
2482960,meio_ambiente,PL 276/2025,"Institui a disciplina de Meio Ambiente, Sustentabilidade e Educação Ambiental no currículo das escolas públicas de ensino fundamental e médio, visando promover a conscientização ambiental, a formação cidadã e o desenvolvimento sustentável, e dá outras providências.",2025-02-05T11:54,Tramitando em Conjunto,https://www.camara.leg.br/proposicoesWeb/prop_mostrarintegra?codteor=2851322,pdfs/meio_ambiente/PL_276_2025.pdf
2483070,meio_ambiente,PDL 68/2025,"Anula a PORTARIA MMA/MDA Nº 1.309, DE 4 DE FEVEREIRO DE 2025, que “Dispõe sobre os procedimentos administrativos para reconhecer e regularizar o uso e a ocupação tradicional em áreas de florestas públicas federais não destinadas, localizadas na Amazônia Legal.”",2025-02-05T18:09,Aguardando Parecer,https://www.camara.leg.br/proposicoesWeb/prop_mostrarintegra?codteor=2851627,pdfs/meio_ambiente/PDL_68_2025.pdf
2483079,meio_ambiente,PDL 70/2025,"Susta os efeitos da Portaria Conjunta MMA/MDA nº 1.309, de 4 de fevereiro de 2025, que dispõe sobre os procedimentos administrativos para reconhecer e regularizar o uso e a ocupação tradicional em áreas de florestas públicas federais não destinadas, localizadas na Amazônia Legal.",2025-02-05T19:05,,https://www.camara.leg.br/proposicoesWeb/prop_mostrarintegra?codteor=2851652,pdfs/meio_ambiente/PDL_70_2025.pdf
2483304,meio_ambiente,PDL 75/2025,"Susta integralmente a Portaria MMA/MDA nº 1.309, de 4 de fevereiro de 2025.",2025-02-07T16:50,,https://www.camara.leg.br/proposicoesWeb/prop_mostrarintegra?codteor=2852805,pdfs/meio_ambiente/PDL_75_2025.pdf
2483457,meio_ambiente,PL 359/2025,"Altera a Lei nº 7.797, de 10 de julho de 1989, e a Lei nº 9.605 de 12 de fevereiro de 1998, para dispor sobre a utilização de recursos do Fundo Nacional do Meio Ambiente para projetos ligados à pesquisa e desenvolvimento (P&D) na produção sustentável de alimentos humanos e rações animais.",2025-02-10T18:20,Pronta para Pauta,https://www.camara.leg.br/proposicoesWeb/prop_mostrarintegra?codteor=2853255,pdfs/meio_ambiente/PL_359_2025.pdf
2483500,meio_ambiente,PL 366/2025,"Altera a Lei nº 7.797, de 10 de julho de 1989, e a Lei nº 14.944, de 31 de julho de 2024, para dispor sobre medidas para prevenção e combate a incêndios florestais.",2025-02-11T10:32,Aguardando Encaminhamento,https://www.camara.leg.br/proposicoesWeb/prop_mostrarintegra?codteor=2853403,pdfs/meio_ambiente/PL_366_2025.pdf
2484043,meio_ambiente,PLP 31/2025,"Altera a Lei Complementar nº 214 de 16 de janeiro de 2025, que Institui o Imposto sobre Bens e Serviços (IBS), a Contribuição Social sobre Bens e Serviços (CBS) e o Imposto Seletivo (IS); cria o Comitê Gestor do IBS e altera a legislação tributária.",2025-02-14T12:40,Aguardando Designação de Relator(a),https://www.camara.leg.br/proposicoesWeb/prop_mostrarintegra?codteor=2855710,pdfs/meio_ambiente/PLP_31_2025.pdf
2485158,meio_ambiente,PL 627/2025,"Autoriza que um percentual das multas ambientais originadas em áreas de amortecimento de unidades de conservação estaduais e federais seja destinado ao fundo municipal de meio ambiente, e dá outras providências.",2025-02-24T10:15,Aguardando Parecer,https://www.camara.leg.br/proposicoesWeb/prop_mostrarintegra?codteor=2859526,pdfs/meio_ambiente/PL_627_2025.pdf
2485830,meio_ambiente,PL 733/2025,"Dispõe sobre o Sistema Portuário Brasileiro, regula a exploração dos portos, as atividades de operação portuária, o trabalho portuário e dá outras providências.",2025-02-28T09:12,Aguardando Parecer,https://www.camara.leg.br/proposicoesWeb/prop_mostrarintegra?codteor=2862417,pdfs/meio_ambiente/PL_733_2025.pdf
2485872,meio_ambiente,PDL 110/2025,"Susta o inciso III, do art. 4º, da Portaria Interministerial MPA/MMA n.º 26, de 28 de fevereiro de 2025",2025-03-06T08:26,Aguardando Designação - Aguardando Devolução de Relator(a) que deixou de ser Membro,https://www.camara.leg.br/proposicoesWeb/prop_mostrarintegra?codteor=2863076,pdfs/meio_ambiente/PDL_110_2025.pdf
2485922,meio_ambiente,PDL 111/2025,"Susta os efeitos da Portaria Interministerial MPA/MMA Nº 26, de 28 de fevereiro de 2025, que estabelece o limite de captura, as cotas de captura por modalidade e área de pesca, e as medidas de registro, monitoramento e controle associadas, da espécie tainha (Mugil liza), para o ano de 2025, nas regiões Sudeste e Sul do Brasil.",2025-03-06T13:57,Tramitando em Conjunto,https://www.camara.leg.br/proposicoesWeb/prop_mostrarintegra?codteor=2863220,pdfs/meio_ambiente/PDL_111_2025.pdf
2485984,meio_ambiente,PDL 115/2025,"Susta o inciso III, do art. 4º, da Portaria Interministerial MPA/MMA nº 26, de 28 de fevereiro de 2025.",2025-03-07T12:47,Aguardando Designação - Aguardando Devolução de Relator(a) que deixou de ser Membro,https://www.camara.leg.br/proposicoesWeb/prop_mostrarintegra?codteor=2863652,pdfs/meio_ambiente/PDL_115_2025.pdf
2486732,meio_ambiente,PDL 121/2025,Susta os efeitos da Portaria nº 26/2025 publicada pelo Ministério da Pesca e Aquicultura em conjunto com o Ministério do Meio Ambiente e Mudança do Clima.,2025-03-12T16:27,Tramitando em Conjunto,https://www.camara.leg.br/proposicoesWeb/prop_mostrarintegra?codteor=2865825,pdfs/meio_ambiente/PDL_121_2025.pdf
2486823,meio_ambiente,PL 978/2025,"Altera a redação do artigo 14, §1º, da Lei nº 6.938/81 e acrescenta parágrafo ao artigo 19 da Lei nº 9.605/98 para prever a obrigatoriedade de quantificação do dano ao sistema climático no caso de condutas e atividades lesivas ao meio ambiente.",2025-03-13T10:29,Aguardando Parecer,https://www.camara.leg.br/proposicoesWeb/prop_mostrarintegra?codteor=2866127,pdfs/meio_ambiente/PL_978_2025.pdf
2487035,meio_ambiente,PDL 124/2025,"Susta o Despacho Decisório nº 53/2024, referente à anuência do Instituto Brasileiro do Meio Ambiente e dos Recursos Naturais Renováveis - IBAMA para supressão de vegetação no Bioma Mata Atlântica por empreendimentos minerários.",2025-03-14T00:43,Aguardando Parecer,https://www.camara.leg.br/proposicoesWeb/prop_mostrarintegra?codteor=2867097,pdfs/meio_ambiente/PDL_124_2025.pdf
2487173,meio_ambiente,PL 1008/2025,"Altera a Lei nº 8.078, de 11 de setembro de 1990 (Código de Defesa do Consumidor), para incluir expressamente, no conceito de propaganda enganosa, a publicidade ou comunicação sobre práticas e/ou ações ambientais positivas do produto ou serviço sem a devida comprovação.",2025-03-14T14:38,Aguardando Parecer,https://www.camara.leg.br/proposicoesWeb/prop_mostrarintegra?codteor=2867521,pdfs/meio_ambiente/PL_1008_2025.pdf
2487486,meio_ambiente,PL 1092/2025,"Dispõe sobre a destinação dos recursos arrecadados com multas ambientais aplicadas pelo Instituto Brasileiro do Meio Ambiente e dos Recursos Naturais Renováveis (IBAMA) e demais órgãos ambientais federais, estaduais e municipais, permitindo sua utilização prioritária em ações voltadas à proteção e bem-estar animal, incluindo apoio a ONGs, protetores independentes, programas de castração, acolhimento e adoção de animais, bem como infraestrutura e fiscalização.",2025-03-18T22:03,Aguardando Parecer,https://www.camara.leg.br/proposicoesWeb/prop_mostrarintegra?codteor=2868885,pdfs/meio_ambiente/PL_1092_2025.pdf
2490590,meio_ambiente,PL 1286/2025,"Determina a criação de linha de crédito pelo Banco Nacional de Desenvolvimento Econômico e Social (BNDES) para projetos de energia renovável para a agricultura familiar; altera as Leis nº 12.114, de 9 de dezembro de 2009, nº 7.797, de 10 de julho de 1989, e nº 9.365, de 16 de dezembro de 1996.",2025-03-27T13:30,Pronta para Pauta,https://www.camara.leg.br/proposicoesWeb/prop_mostrarintegra?codteor=2874294,pdfs/meio_ambiente/PL_1286_2025.pdf
2493191,meio_ambiente,PDL 140/2025,"Susta os efeitos da Instrução Normativa nº 8, de 25 de março de 2024, do Instituto Brasileiro do Meio Ambiente e dos Recursos Naturais Renováveis – IBAMA.",2025-04-02T10:59,Aguardando Parecer,https://www.camara.leg.br/proposicoesWeb/prop_mostrarintegra?codteor=2878339,pdfs/meio_ambiente/PDL_140_2025.pdf
2494408,meio_ambiente,PL 1466/2025,"Cria a Carreira de Desenvolvimento Socioeconômico, a Carreira de Desenvolvimento das Políticas de Justiça e Defesa e a Carreira de Fiscalização da Comissão de Valores Mobiliários, altera a remuneração de servidores e empregados públicos do Poder Executivo federal, altera a remuneração de cargos em comissão, de funções de confiança e de gratificações do Poder Executivo federal, reestrutura cargos efetivos, planos de cargos e carreiras, padroniza e unifica regras de incorporação de gratificações de desempenho, altera as regras do Sistema de Desenvolvimento na Carreira, transforma cargos efetivos vagos em outros cargos efetivos, em cargos em comissão e em funções de confiança, altera a regra de designação dos membros dos conselhos deliberativos e fiscais das entidades fechadas de previdência complementar e dá outras providências.",2025-04-02T16:34,Transformado em Norma Jurídica,https://www.camara.leg.br/proposicoesWeb/prop_mostrarintegra?codteor=2880102,pdfs/meio_ambiente/PL_1466_2025.pdf
2498145,meio_ambiente,PDL 151/2025,"Susta dispositivos da Instrução Normativa do Instituto Brasileiro do Meio Ambiente e Recursos Naturais Renováveis – Ibama nº 8, de 25 de março de 2024.",2025-04-16T10:45,Aguardando Despacho do Presidente da Câmara dos Deputados (Chancela),https://www.camara.leg.br/proposicoesWeb/prop_mostrarintegra?codteor=2887693,pdfs/meio_ambiente/PDL_151_2025.pdf
2500533,meio_ambiente,PDL 168/2025,"Susta os efeitos da Portaria Interministerial MPA/MMA nº 30, de 4 de abril de 2025, que estabelece as medidas de ordenamento, monitoramento, controle e fiscalização para a pesca da espécie tubarão-azul (Prionace glauca), no Mar Territorial, na Zona Econômica Exclusiva e nas Águas Internacionais.",2025-04-28T09:23,Aguardando Parecer,https://www.camara.leg.br/proposicoesWeb/prop_mostrarintegra?codteor=2892160,pdfs/meio_ambiente/PDL_168_2025.pdf
2512704,meio_ambiente,PL 2397/2025,Dispõe sobre a reversão obrigatória dos lucros obtidos por meio de crime de maus-tratos ou crueldade contra animais e dá outras providências.,2025-05-20T20:35,Aguardando Parecer,https://www.camara.leg.br/proposicoesWeb/prop_mostrarintegra?codteor=2912854,pdfs/meio_ambiente/PL_2397_2025.pdf
2518513,meio_ambiente,PL 2634/2025,Institui o Programa Nacional de Estímulo à Criação e Fortalecimento dos Conselhos Municipais do Clima e Meio Ambiente e dá outras providências.,2025-05-28T19:20,Pronta para Pauta,https://www.camara.leg.br/proposicoesWeb/prop_mostrarintegra?codteor=2921773,pdfs/meio_ambiente/PL_2634_2025.pdf
2518800,meio_ambiente,PL 2646/2025,"Dispõe sobre os crimes praticados por organizações criminosas no âmbito de grandes setores da economia, e cria medidas de prevenção e repressão de condutas criminosas praticadas por organizações criminosas e para coibir práticas ilegais no nos setores público e privado.",2025-05-29T10:56,Aguardando Parecer,https://www.camara.leg.br/proposicoesWeb/prop_mostrarintegra?codteor=2922487,pdfs/meio_ambiente/PL_2646_2025.pdf
2525182,meio_ambiente,PDL 318/2025,Susta os efeitos de atos normativos editados por órgãos da administração pública federal que resultaram na imposição de embargos ambientais e sanções desproporcionais a propriedades rurais localizadas no Estado do Acre.,2025-06-12T09:20,Aguardando Designação de Relator(a),https://www.camara.leg.br/proposicoesWeb/prop_mostrarintegra?codteor=2934713,pdfs/meio_ambiente/PDL_318_2025.pdf
2526842,meio_ambiente,PRC 51/2025,"Institui o Prêmio Chico Mendes de Defesa do Meio Ambiente, a ser concedido pela Câmara dos Deputados.",2025-06-17T17:28,Aguardando Despacho do Presidente da Câmara dos Deputados (Chancela),https://www.camara.leg.br/proposicoesWeb/prop_mostrarintegra?codteor=2938066,pdfs/meio_ambiente/PRC_51_2025.pdf
2527199,meio_ambiente,PDL 342/2025,"Susta, nos termos do art. 49, V, da Constituição Federal, a Instrução Normativa Ibama no 8, de 25 de março de 2024.",2025-06-18T15:10,Aguardando Despacho do Presidente da Câmara dos Deputados (Chancela),https://www.camara.leg.br/proposicoesWeb/prop_mostrarintegra?codteor=2938872,pdfs/meio_ambiente/PDL_342_2025.pdf
2527685,meio_ambiente,PL 3019/2025,"Altera o § 3º do art. 9º da Lei nº 8.629, de 25 de fevereiro de 1993, a fim de aprimorar os critérios relacionados à preservação do meio ambiente no cumprimento da função social da propriedade rural e de vedar a desapropriação fundada exclusivamente na ocorrência de incêndios ou de desmatamentos",2025-06-23T15:55,Pronta para Pauta,https://www.camara.leg.br/proposicoesWeb/prop_mostrarintegra?codteor=2940192,pdfs/meio_ambiente/PL_3019_2025.pdf
2528319,meio_ambiente,PL 3056/2025,"Dispõe sobre o prazo máximo para a emissão de licenças, autorizações e comunicações por órgãos e entidades da administração pública direta e indireta, e dá outras providências.",2025-06-25T13:30,Pronta para Pauta,https://www.camara.leg.br/proposicoesWeb/prop_mostrarintegra?codteor=2941534,pdfs/meio_ambiente/PL_3056_2025.pdf
2531261,meio_ambiente,PL 3192/2025,"Cria o Monumento Natural dos Profetas, no estado de Minas Gerais.",2025-07-02T14:01,Aguardando Designação de Relator(a),https://www.camara.leg.br/proposicoesWeb/prop_mostrarintegra?codteor=2947919,pdfs/meio_ambiente/PL_3192_2025.pdf
2533861,meio_ambiente,PL 3313/2025,"Altera a Lei nº 12.651, de 25 de maio de 2012 (Código Florestal), a Lei nº 9.605, de 12 de fevereiro de 1998 (Lei de Crimes Ambientais), e a Lei nº 6.938, de 31 de agosto de 1981 (Política Nacional do Meio Ambiente), para dispor sobre limites ao poder de embargo, apreensão e restrições administrativas ambientais e fundiárias, reforçando os direitos constitucionais ao contraditório, à ampla defesa, à função social da propriedade e à livre atividade econômica.",2025-07-09T12:21,Aguardando Parecer,https://www.camara.leg.br/proposicoesWeb/prop_mostrarintegra?codteor=2952125,pdfs/meio_ambiente/PL_3313_2025.pdf
2549658,meio_ambiente,PL 4108/2025,"Dispõe sobre o reconhecimento, nos termos dos artigos 231 e 225 da Constituição Federal, da compatibilidade entre a ocupação indígena de seus territórios e a tutela constitucional do meio ambiente.",2025-08-19T18:50,Aguardando Designação - Aguardando Devolução de Relator(a) que deixou de ser Membro,https://www.camara.leg.br/proposicoesWeb/prop_mostrarintegra?codteor=2980063,pdfs/meio_ambiente/PL_4108_2025.pdf
2549696,meio_ambiente,PL 4110/2025,"Altera a Lei nº 11.959, de 29 de junho de 2009, que ""Dispõe sobre Política Nacional de Desenvolvimento Sustentável da Aquicultura e da Pesca"", para incluir entre as competências do Poder Público, as ações de repovoamento com alevinos nas águas interiores e continentais.",2025-08-19T20:18,Aguardando Designação de Relator(a),https://www.camara.leg.br/proposicoesWeb/prop_mostrarintegra?codteor=2980128,pdfs/meio_ambiente/PL_4110_2025.pdf
2549715,meio_ambiente,PDL 615/2025,"Aprova o Acordo entre o Governo da República Federativa do Brasil e o Secretariado da Convenção-Quadro das Nações Unidas sobre Mudança do Clima, do Protocolo de Quioto e do Acordo de Paris sobre a Trigésima Sessão da Conferência das Partes na Convenção Quadro das Nações Unidas sobre Mudança do Clima, a Vigésima Sessão da Conferência das Partes servindo como Reunião das Partes no Protocolo de Quioto, a Sétima Sessão da Conferência das Partes servindo como Reunião das Partes no Acordo de Paris, das Sessões dos Órgãos Subsidiários e Outras Reuniões da UNFCCC, também chamado de Acordo de Sede da COP30, assinado em
Bonn, Alemanha, em 20 de junho de 2025.",2025-08-19T20:56,Transformado em Norma Jurídica,https://www.camara.leg.br/proposicoesWeb/prop_mostrarintegra?codteor=2980213,pdfs/meio_ambiente/PDL_615_2025.pdf
2551682,meio_ambiente,PL 4187/2025,"Altera a Lei nº 10.711, de 5 de agosto de 2003, que dispõe sobre o Sistema Nacional de Sementes e Mudas, e dá outras providências",2025-08-22T16:06,Aguardando Parecer,https://www.camara.leg.br/proposicoesWeb/prop_mostrarintegra?codteor=2983376,pdfs/meio_ambiente/PL_4187_2025.pdf
2554640,meio_ambiente,PL 4310/2025,"Dispõe sobre a destinação dos recursos provenientes de atividades de mineração ilegal em terras indígenas para a reparação socioambiental das comunidades afetadas e altera as Leis nº 9.605, de 12 de fevereiro de 1998 (Lei de Crimes Ambientais), 6.938, de 31 de agosto de 1981 (Política Nacional do Meio Ambiente), e o Decreto-Lei nº 2.848, de 7 de dezembro de 1940 (Código Penal).",2025-08-28T15:17,Aguardando Parecer,https://www.camara.leg.br/proposicoesWeb/prop_mostrarintegra?codteor=2988325,pdfs/meio_ambiente/PL_4310_2025.pdf
2555897,meio_ambiente,PL 4371/2025,"Altera a Lei nº 13.756, de 12 de dezembro de 2018, para incluir mecanismo de proteção ambiental na destinação de percentual de arrecadação das apostas de quota fixa.",2025-09-02T15:23,Aguardando Designação de Relator(a),https://www.camara.leg.br/proposicoesWeb/prop_mostrarintegra?codteor=2990847,pdfs/meio_ambiente/PL_4371_2025.pdf
2560757,meio_ambiente,PL 4553/2025,"Institui o Portal Nacional de Informações Estratégicas Socioambientais, Climáticas e Territoriais - “INFOCLIMA-TERRA-BRASIL”, e dá outras providências.",2025-09-12T13:15,Pronta para Pauta,https://www.camara.leg.br/proposicoesWeb/prop_mostrarintegra?codteor=2999693,pdfs/meio_ambiente/PL_4553_2025.pdf
2561378,meio_ambiente,PL 4621/2025,"Dispõe sobre a destinação de percentual das receitas públicas oriundas da exploração de petróleo e gás natural na Margem Equatorial Brasileira para investimentos em proteção do meio ambiente, saúde, educação e tecnologia, cria o Fundo Soberano Brasileiro para o Futuro e o Fundo Nacional de Desenvolvimento da Inteligência Artificial Brasileira, e dá outras providências.",2025-09-16T18:23,Aguardando Parecer,https://www.camara.leg.br/proposicoesWeb/prop_mostrarintegra?codteor=3001114,pdfs/meio_ambiente/PL_4621_2025.pdf
2562611,meio_ambiente,PL 4685/2025,"Altera a Lei nº 9.605, de 12 de fevereiro de 1998 – Lei de Crimes Ambientais, que dispõe sobre as sanções penais e administrativas derivadas de condutas e atividades lesivas ao meio ambiente, para aumentar as penas relativas à mineração ilegal.",2025-09-19T17:06,Aguardando Parecer,https://www.camara.leg.br/proposicoesWeb/prop_mostrarintegra?codteor=3003348,pdfs/meio_ambiente/PL_4685_2025.pdf
2565162,meio_ambiente,PDL 757/2025,"Aprova o texto do Anexo VI do Protocolo ao Tratado da Antártida sobre Proteção ao Meio Ambiente (“Protocolo de Madri”), adotado em 2005",2025-09-26T15:53,Aguardando Parecer,https://www.camara.leg.br/proposicoesWeb/prop_mostrarintegra?codteor=3008882,pdfs/meio_ambiente/PDL_757_2025.pdf
2565222,meio_ambiente,PDL 758/2025,"Susta a Resolução CONAMA Nº 510, DE 15 DE SETEMBRO DE 2025, do Conselho Nacional do Meio Ambiente, que “Dispõe sobre critérios técnicos, condições de validade, transparência, integração e publicidade de informações relacionadas à emissão de Autorizações de Supressão de Vegetação nativa em imóveis rurais e dá outras providências”.",2025-09-29T11:45,Aguardando Parecer,https://www.camara.leg.br/proposicoesWeb/prop_mostrarintegra?codteor=3009097,pdfs/meio_ambiente/PDL_758_2025.pdf
2566477,meio_ambiente,PDL 759/2025,"Susta o art. 50-A da Instrução Normativa nº 21, de 23 de dezembro de 2014, do Instituto Brasileiro do Meio Ambiente e dos Recursos Naturais Renováveis – IBAMA, incluído pela Instrução Normativa nº 19, de 8 de novembro de 2024, que exige que a aprovação do CAR como requisito para a emissão de diversas autorizações para o produtor rural.",2025-10-01T15:24,Aguardando Despacho do Presidente da Câmara dos Deputados (Chancela),https://www.camara.leg.br/proposicoesWeb/prop_mostrarintegra?codteor=3011141,pdfs/meio_ambiente/PDL_759_2025.pdf
2567691,meio_ambiente,PL 4981/2025,"Altera a Lei n° 12.305, de 2 de agosto de 2010, para incluir as embalagens de vidro de bebidas alcoólicas no rol de produtos ou embalagens sujeitos à obrigatoriedade de logística reversa; e a Lei n° 9.605, de 12 de fevereiro de 1998, para permitir a penalização dos responsáveis por desrespeito às exigências legais de descarte dessas embalagens, e dá outras providências.",2025-10-06T17:08,Retirado pelo(a) Autor(a),https://www.camara.leg.br/proposicoesWeb/prop_mostrarintegra?codteor=3013871,pdfs/meio_ambiente/PL_4981_2025.pdf
2575941,meio_ambiente,PDL 897/2025,"Susta os efeitos do Despacho Decisório nº 53/2024/GABIN, do Presidente do Instituto Brasileiro do Meio Ambiente e dos Recursos Naturais Renováveis – Ibama, que impõe a necessidade de anuência prévia daquela autarquia para os empreendimentos minerários que envolvam a supressão de vegetação no Bioma Mata Atlântica.",2025-10-24T11:37,Aguardando Despacho do Presidente da Câmara dos Deputados (Chancela),https://www.camara.leg.br/proposicoesWeb/prop_mostrarintegra?codteor=3029282,pdfs/meio_ambiente/PDL_897_2025.pdf
2575986,meio_ambiente,PL 5407/2025,Dispõe sobre o aproveitamento de estéreis e rejeitos provenientes da atividade minerária para a recuperação de áreas degradadas e dá outras providências.,2025-10-24T11:48,Tramitando em Conjunto,https://www.camara.leg.br/proposicoesWeb/prop_mostrarintegra?codteor=3029329,pdfs/meio_ambiente/PL_5407_2025.pdf
2581961,meio_ambiente,PDL 934/2025,"Aprova o texto do Acordo Regional sobre Acesso à Informação, Participação Pública e Acesso à Justiça em Assuntos Ambientais na América Latina e no Caribe (“Acordo de Escazú”), assinado em Nova York, em 27 de setembro de 2018.",2025-11-05T13:21,Aguardando Apreciação pelo Senado Federal,https://www.camara.leg.br/proposicoesWeb/prop_mostrarintegra?codteor=3040112,pdfs/meio_ambiente/PDL_934_2025.pdf
2586626,meio_ambiente,PL 5911/2025,"Acrescenta inciso ao art. 6º da Lei nº 10.826, de 22 de dezembro de 2003, para incluir os agentes de fiscalização ambiental da União, dos Estados, do Distrito Federal e dos Municípios entre as hipóteses de porte de arma de fogo.",2025-11-19T09:32,Aguardando Designação de Relator(a),https://www.camara.leg.br/proposicoesWeb/prop_mostrarintegra?codteor=3049619,pdfs/meio_ambiente/PL_5911_2025.pdf
2592447,meio_ambiente,PL 6170/2025,Institui o Reconhecimento de Saberes e Competências para o Plano de Carreira dos Cargos Técnico-Administrativos em Educação; reajusta a remuneração dos cargos de Médico e de Médico Veterinário do Plano de Carreira dos Cargos Técnico-Administrativos em Educação; cria a Carreira de Analista Técnico do Poder Executivo Federal; cria o cargo de Analista em Atividades Culturais e altera a remuneração dos cargos do Plano Especial de Cargos da Cultura; reajusta a remuneração da Carreira Tributária e Aduaneira da Receita Federal do Brasil e da Carreira de Auditoria-Fiscal do Trabalho e o percentual máximo do Bônus de Eficiência e Produtividade a ser atribuído aos aposentados e pensionistas; altera a lotação dos cargos de Perito Federal Territorial; institui a Gratificação Temporária de Execução e Apoio a Atividades Técnicas e Administrativas; transforma cargos do Plano de Carreiras e Cargos do Instituto de Pesquisa Econômica Aplicada; institui o Regime Especial de Turnos ou Escalas na Secretaria da Defesa Civil do Ministério da Integração e do Desenvolvimento Regional; autoriza exames médico-periciais por telemedicina ou análise documental; altera as condições e os prazos de contratação por tempo determinado; cria cargos efetivos no quadro de pessoal da Agência Nacional de Vigilância Sanitária e do Ministério da Educação; institui o Quadro Suplementar em Extinção de Analista de Sistemas e de Processamento de Dados no Ministério da Gestão e da Inovação em Serviços Públicos; institui o Programa de Desligamento Incentivado; e dá outras providências.,2025-12-03T19:04,Transformado em Norma Jurídica,https://www.camara.leg.br/proposicoesWeb/prop_mostrarintegra?codteor=3059582,pdfs/meio_ambiente/PL_6170_2025.pdf
2594592,meio_ambiente,PL 6303/2025,"Cria a Plataforma Nacional “Guardiões da Floresta”, destinada ao monitoramento ambiental comunitário, e dá outras providências.",2025-12-09T19:40,Aguardando Parecer,https://www.camara.leg.br/proposicoesWeb/prop_mostrarintegra?codteor=3064018,pdfs/meio_ambiente/PL_6303_2025.pdf
2598102,meio_ambiente,PDL 1211/2025,"Susta os efeitos dos estudos preliminares e de quaisquer atos administrativos deles decorrentes, relativos à proposta de criação de Unidades de Conservação Federais no Bioma Pampa, na Região das Missões, no Estado do Rio Grande do Sul (Área de Proteção Ambiental – APA – Pau-Ferro e do Refúgio de Vida Silvestre – RVS – no Rio Grande do Sul.)",2025-12-17T10:42,Aguardando Despacho do Presidente da Câmara dos Deputados (Autorização),https://www.camara.leg.br/proposicoesWeb/prop_mostrarintegra?codteor=3069828,pdfs/meio_ambiente/PDL_1211_2025.pdf
2598718,meio_ambiente,MPV 1330/2025,"Abre crédito extraordinário, em favor do Ministério do Meio Ambiente e Mudança do Clima, no valor de R$ 60.460.000,00, para os fins que especifica.",2025-12-19T00:00,Perdeu a Eficácia,https://www.camara.leg.br/proposicoesWeb/prop_mostrarintegra?codteor=3075209,pdfs/meio_ambiente/MPV_1330_2025.pdf
2599491,meio_ambiente,PL 6888/2025,Dispõe sobre o estímulo à prática do escotismo nas escolas públicas brasileiras de ensino fundamental e médio e dá outras providências.,2025-12-22T20:23,Aguardando Parecer,https://www.camara.leg.br/proposicoesWeb/prop_mostrarintegra?codteor=3072407,pdfs/meio_ambiente/PL_6888_2025.pdf
2599492,meio_ambiente,PL 6889/2025,"Dispõe sobre a inclusão da Educação em Direito dos Animais nos currículos escolares, como conteúdo transversal voltado à formação ética, ambiental e cidadã, e dá outras providências.",2025-12-22T20:23,Tramitando em Conjunto,https://www.camara.leg.br/proposicoesWeb/prop_mostrarintegra?codteor=3072408,pdfs/meio_ambiente/PL_6889_2025.pdf
2599699,meio_ambiente,PL 7090/2025,"Dispõe sobre a prevenção e repressão ao greenwashing na indústria da moda e do vestuário, estabelece requisitos mínimos para alegações ambientais, disciplina o uso de selos e certificações ambientais e dá outras providências.",2025-12-22T21:18,Tramitando em Conjunto,https://www.camara.leg.br/proposicoesWeb/prop_mostrarintegra?codteor=3072626,pdfs/meio_ambiente/PL_7090_2025.pdf
2599822,meio_ambiente,PL 7213/2025,"Cria o Selo Brasil Contra o Desperdício, atribuído a empresas e instituições que adotem medidas comprovadas de redução de desperdício de alimentos, água e energia.",2025-12-22T23:32,Pronta para Pauta,https://www.camara.leg.br/proposicoesWeb/prop_mostrarintegra?codteor=3072763,pdfs/meio_ambiente/PL_7213_2025.pdf
2600748,meio_ambiente,PL 255/2026,Dispõe sobre o reconhecimento e a proteção jurídica dos animais comunitários.,2026-02-04T10:45,Aguardando Parecer,https://www.camara.leg.br/proposicoesWeb/prop_mostrarintegra?codteor=3078349,pdfs/meio_ambiente/PL_255_2026.pdf
2600769,meio_ambiente,PL 261/2026,"Reconhece a criação legalizada de passeriformes como atividade lícita de relevante interesse cultural, ambiental e social e institui o Dia Nacional dos Criadores Preservacionistas de Passeriformes.",2026-02-04T11:19,Aguardando Designação de Relator(a),https://www.camara.leg.br/proposicoesWeb/prop_mostrarintegra?codteor=3078387,pdfs/meio_ambiente/PL_261_2026.pdf
2601747,meio_ambiente,PL 415/2026,"Institui diretrizes nacionais para o tratamento e a gestão ambientalmente adequada do chorume, dos resíduos sólidos urbanos e dos lodos gerados em Estações de Tratamento de Água e Estações de Tratamento de Esgoto; estabelece regras de controle, monitoramento e rastreabilidade ambiental; define prazos de adequação; e dá outras providências.",2026-02-09T19:10,Aguardando Designação de Relator(a),https://www.camara.leg.br/proposicoesWeb/prop_mostrarintegra?codteor=3080475,pdfs/meio_ambiente/PL_415_2026.pdf
2602983,meio_ambiente,PL 561/2026,Institui o “Disque Animal” para recebimento de denúncias de maus-tratos contra animais e dá outras providências.,2026-02-12T23:21,Aguardando Parecer,https://www.camara.leg.br/proposicoesWeb/prop_mostrarintegra?codteor=3083524,pdfs/meio_ambiente/PL_561_2026.pdf
2604632,meio_ambiente,PL 742/2026,"Proíbe a pulverização aérea de agrotóxicos em todo o território nacional, estabelece medidas de proteção à saúde humana, ao meio ambiente, aos recursos hídricos e às comunidades expostas, e dá outras providências.",2026-02-25T12:13,Tramitando em Conjunto,https://www.camara.leg.br/proposicoesWeb/prop_mostrarintegra?codteor=3087806,pdfs/meio_ambiente/PL_742_2026.pdf
2604702,meio_ambiente,PL 752/2026,Institui a Política Nacional de Justiça Climática e Proteção de Populações Vulneráveis aos Impactos das Mudanças Climáticas e dá outras providências.,2026-02-25T13:44,Tramitando em Conjunto,https://www.camara.leg.br/proposicoesWeb/prop_mostrarintegra?codteor=3087953,pdfs/meio_ambiente/PL_752_2026.pdf
2604798,meio_ambiente,PL 770/2026,"Institui o Programa Nacional de Solidariedade Veterinária, destinado ao recebimento de doações, reaproveitamento e distribuição gratuita de medicamentos, vacinas, insumos e rações para animais domésticos, e dá outras providências.",2026-02-25T16:42,Pronta para Pauta,https://www.camara.leg.br/proposicoesWeb/prop_mostrarintegra?codteor=3088210,pdfs/meio_ambiente/PL_770_2026.pdf
2606668,meio_ambiente,PLP 42/2026,"Altera a Lei Complementar nº 214, de 16 de janeiro de 2025, para dispor sobre os limites de alíquotas do Imposto Seletivo.",2026-03-04T12:07,Aguardando Despacho do Presidente da Câmara dos Deputados (Chancela),https://www.camara.leg.br/proposicoesWeb/prop_mostrarintegra?codteor=3092037,pdfs/meio_ambiente/PLP_42_2026.pdf
2607411,meio_ambiente,PL 993/2026,"Altera a Lei nº 6.938, de 31 de agosto de 1981, para incluir referência ao sistema climático na obrigação de indenizar ou reparar danos ambientais.",2026-03-06T14:19,Tramitando em Conjunto,https://www.camara.leg.br/proposicoesWeb/prop_mostrarintegra?codteor=3093842,pdfs/meio_ambiente/PL_993_2026.pdf
2612789,meio_ambiente,PL 1502/2026,"Institui a Política Nacional de Justiça Climática e de Combate ao Racismo Ambiental; cria o Fundo Nacional de Adaptação e Reparação Climática; define conceitos, princípios e instrumentos de proteção às populações vulneráveis (incluindo recorte racial e territorial para povos indígenas, quilombolas e comunidades tradicionais); disciplina mapeamento e indicadores de vulnerabilidade socioambiental, critérios prioritários de acesso a recursos, políticas de reassentamento assistido, seguros públicos e programas de recuperação de renda; exige avaliação prévia de impacto socioambiental e de justiça climática para projetos e políticas públicas; institui mecanismos de participação e controle social, sistema de monitoramento, auditoria e sanções administrativas e financeiras para omissões ou descumprimento; e dá outras providências.",2026-03-30T17:28,Tramitando em Conjunto,https://www.camara.leg.br/proposicoesWeb/prop_mostrarintegra?codteor=3106856,pdfs/meio_ambiente/PL_1502_2026.pdf
2613442,meio_ambiente,PDL 182/2026,"Susta os efeitos da Portaria GM/MMA nº 1.643, de 30 de março de 2026, que institui Comitê Gestor vinculado ao Plano de Letramento em Gênero, Raça e Diversidade no Trabalho.",2026-04-06T14:18,Aguardando Despacho do Presidente da Câmara dos Deputados (Chancela),https://www.camara.leg.br/proposicoesWeb/prop_mostrarintegra?codteor=3108680,pdfs/meio_ambiente/PDL_182_2026.pdf
2617160,meio_ambiente,PRC 21/2026,Institui o Prêmio Câmara Ambiental e Desenvolvimento Sustentável e dá outras providências.,2026-04-16T14:30,Arquivada,https://www.camara.leg.br/proposicoesWeb/prop_mostrarintegra?codteor=3115216,pdfs/meio_ambiente/PRC_21_2026.pdf
2617407,meio_ambiente,PDL 253/2026,"Susta os efeitos do Decreto nº 12.888, de 23 de março de 2026, que Cria a Reserva de Desenvolvimento Sustentável Córregos dos Vales do Norte de Minas, localizada nos Municípios de Riacho dos Machados e de Serranópolis de Minas, Estado de Minas Gerais.",2026-04-17T16:11,Aguardando Despacho do Presidente da Câmara dos Deputados (Chancela),https://www.camara.leg.br/proposicoesWeb/prop_mostrarintegra?codteor=3115919,pdfs/meio_ambiente/PDL_253_2026.pdf
2617563,meio_ambiente,PDL 261/2026,"Susta o Decreto nº 12.888, de 23 de março de 2026, que “Cria a Reserva de Desenvolvimento Sustentável Córregos dos Vales do Norte de Minas”, localizada nos municípios de Riacho dos Machados e de Serranópolis de Minas, estado de Minas Gerais”.",2026-04-22T13:50,Aguardando Despacho do Presidente da Câmara dos Deputados (Chancela),https://www.camara.leg.br/proposicoesWeb/prop_mostrarintegra?codteor=3116221,pdfs/meio_ambiente/PDL_261_2026.pdf
2617675,meio_ambiente,PDL 263/2026,"Susta os efeitos da Portaria GM/MMA nº 1.424, de 24 de junho de 2025, que reconhece o denominado Corredor Ecológico Carajás–Bacajá, no Estado do Pará.",2026-04-22T16:00,Aguardando Despacho do Presidente da Câmara dos Deputados (Chancela),https://www.camara.leg.br/proposicoesWeb/prop_mostrarintegra?codteor=3116479,pdfs/meio_ambiente/PDL_263_2026.pdf
2617687,meio_ambiente,PL 1928/2026,"Dispõe sobre a apreensão, o processo administrativo de perdimento e a destinação de bens, mercadorias e meios de transporte utilizados em infrações à defesa agropecuária federal, e dá outras providências.",2026-04-22T16:23,Aguardando Parecer,https://www.camara.leg.br/proposicoesWeb/prop_mostrarintegra?codteor=3116505,pdfs/meio_ambiente/PL_1928_2026.pdf
2620150,meio_ambiente,PDL 271/2026,"Susta os efeitos da Portaria nº 76, de 27 de abril de 2026, do Instituto Brasileiro do Meio Ambiente e dos Recursos Naturais Renováveis – IBAMA, que aprova a Agenda Regulatória para o biênio 2026-2027.",2026-04-29T19:28,Aguardando Despacho do Presidente da Câmara dos Deputados (Chancela),https://www.camara.leg.br/proposicoesWeb/prop_mostrarintegra?codteor=3120937,pdfs/meio_ambiente/PDL_271_2026.pdf
2621577,meio_ambiente,PDL 352/2026,"Susta os efeitos das Portarias GM/MMA nº 1.666 e 1.667, de 27 de abril de 2026, do Ministério do Meio Ambiente e Mudança do Clima, que classificam o tambaqui (Colossoma macropomum) como espécie Vulnerável e restringem sua captura, transporte e comercialização provenientes dos rios amazônicos.",2026-05-05T17:24,Aguardando Despacho do Presidente da Câmara dos Deputados (Chancela),https://www.camara.leg.br/proposicoesWeb/prop_mostrarintegra?codteor=3123439,pdfs/meio_ambiente/PDL_352_2026.pdf
2623342,meio_ambiente,PDL 385/2026,"Susta os efeitos da Portaria GM/MMA nº 1.666, de 27 de abril de 2026, do Ministério do Meio Ambiente e Mudança do Clima, que estabelece regras e restrições aplicáveis às espécies de peixes e invertebrados aquáticos da fauna brasileira ameaçadas de extinção constantes da Lista Nacional Oficial de Espécies da Fauna Ameaçadas de Extinção – Peixes e Invertebrados Aquáticos.",2026-05-11T12:04,Aguardando Despacho do Presidente da Câmara dos Deputados (Chancela),https://www.camara.leg.br/proposicoesWeb/prop_mostrarintegra?codteor=3126679,pdfs/meio_ambiente/PDL_385_2026.pdf
2627589,meio_ambiente,PL 2586/2026,"Dispõe sobre a integridade da informação sobre clima e meio ambiente, sobre o enfrentamento da desinformação climática e ambiental e altera as Leis nº 6.938, de 31 de agosto de 1981 (PNMA) e nº 12.608, de 10 de abril de 2012 (PNPDEC).",2026-05-25T23:23,Aguardando Designação de Relator(a),https://www.camara.leg.br/proposicoesWeb/prop_mostrarintegra?codteor=3136421,pdfs/meio_ambiente/PL_2586_2026.pdf
2628469,meio_ambiente,PL 2670/2026,"Dispõe sobre o combate ao tráfico internacional de animais silvestres e aos maus-tratos, estabelece normas sobre a apreensão de animais, o perdimento de bens e valores, a investigação patrimonial, a cooperação institucional e internacional, a destinação de recursos e a proteção da fauna em infraestrutura viária.",2026-05-27T17:48,Aguardando Parecer,https://www.camara.leg.br/proposicoesWeb/prop_mostrarintegra?codteor=3138469,pdfs/meio_ambiente/PL_2670_2026.pdf
2628944,meio_ambiente,PDL 490/2026,"Susta os efeitos da Portaria GM/MMA nº 1.666, de 27 de abril de 2026, do Ministério do Meio Ambiente e Mudança do Clima.",2026-05-28T15:42,Aguardando Despacho do Presidente da Câmara dos Deputados (Chancela),https://www.camara.leg.br/proposicoesWeb/prop_mostrarintegra?codteor=3139223,pdfs/meio_ambiente/PDL_490_2026.pdf
2630291,meio_ambiente,PDL 566/2026,"Susta, nos termos do art. 49, inciso V, da Constituição Federal, o art. 24 da Portaria Interministerial MPA/MMA nº 51, de 27 de fevereiro de 2026 que estabelece o limite de captura, as cotas de captura por modalidade de permissionamento e por área de pesca, e as medidas de registro, monitoramento e controle associadas para a espécie tainha (Mugil liza), para a temporada de 2026, nas regiões Sudeste e Sul do Brasil.",2026-06-08T14:50,Aguardando Despacho do Presidente da Câmara dos Deputados (Chancela),https://www.camara.leg.br/proposicoesWeb/prop_mostrarintegra?codteor=3142642,pdfs/meio_ambiente/PDL_566_2026.pdf
2630349,meio_ambiente,PDL 567/2026,"Susta os efeitos da Portaria Interministerial MPA/MMA nº 51, de 27 de fevereiro de 2026, na parte em que estabelece cotas de captura para a modalidade de pesca artesanal de arrasto de praia da tainha (Mugil liza).",2026-06-08T16:39,Aguardando Despacho do Presidente da Câmara dos Deputados (Chancela),https://www.camara.leg.br/proposicoesWeb/prop_mostrarintegra?codteor=3142736,pdfs/meio_ambiente/PDL_567_2026.pdf
2630350,meio_ambiente,PDL 568/2026,Susta os efeitos da Portaria Interministerial MPA/MMA nº 26/2025.,2026-06-08T16:44,Aguardando Despacho do Presidente da Câmara dos Deputados (Chancela),https://www.camara.leg.br/proposicoesWeb/prop_mostrarintegra?codteor=3142737,pdfs/meio_ambiente/PDL_568_2026.pdf
2630764,meio_ambiente,PL 2973/2026,"Institui a Política Nacional de Segurança Ambiental e Produtiva do Pantanal, reconhece a pecuária sustentável como atividade estratégica de conservação e prevenção de incêndios, e dá outras providências.",2026-06-09T18:44,Aguardando Designação de Relator(a),https://www.camara.leg.br/proposicoesWeb/prop_mostrarintegra?codteor=3143668,pdfs/meio_ambiente/PL_2973_2026.pdf
2631241,meio_ambiente,PL 3002/2026,"Dispõe sobre a limpeza de pastagem em áreas rurais consolidadas, estabelece critérios objetivos para sua realização, disciplina a autodeclaração ambiental, limita a discricionariedade administrativa e dá outras providências.",2026-06-10T13:17,Aguardando Designação de Relator(a),https://www.camara.leg.br/proposicoesWeb/prop_mostrarintegra?codteor=3144276,pdfs/meio_ambiente/PL_3002_2026.pdf
2631691,meio_ambiente,PDL 608/2026,"Susta os efeitos da Portaria Interministerial MPA/MMA nº 51, de 27 de fevereiro de 2026, dos Ministérios da Pesca e Aquicultura e do Meio Ambiente.",2026-06-10T19:19,Aguardando Despacho do Presidente da Câmara dos Deputados (Chancela),https://www.camara.leg.br/proposicoesWeb/prop_mostrarintegra?codteor=3144987,pdfs/meio_ambiente/PDL_608_2026.pdf
2631702,meio_ambiente,PLP 171/2026,"Altera a Lei Complementar nº 64, de 18 de maio de 1990, para estabelecer hipótese de inelegibilidade em decorrência de condenação, em decisão transitada em julgado ou proferida por órgão judicial colegiado, por dano grave ou irreversível ao meio ambiente ou à saúde pública.",2026-06-10T20:31,Aguardando Despacho do Presidente da Câmara dos Deputados (Chancela),https://www.camara.leg.br/proposicoesWeb/prop_mostrarintegra?codteor=3144998,pdfs/meio_ambiente/PLP_171_2026.pdf
2632301,meio_ambiente,MPV 1367/2026,"Abre crédito extraordinário, em favor do Ministério do Meio Ambiente e Mudança do Clima, no valor de R$ 337.483.432,00, para os fins que especifica.",2026-06-15T00:00,Aguardando Apreciação pelo Senado Federal,https://www.camara.leg.br/proposicoesWeb/prop_mostrarintegra?codteor=3157740,pdfs/meio_ambiente/MPV_1367_2026.pdf
2632569,meio_ambiente,PDL 611/2026,"Susta os efeitos do Decreto nº 13.013, de 10 de junho de 2026, que altera o Decreto nº 10.224, de 5 de fevereiro de 2020, que regulamenta a Lei nº 7.797, de 10 de julho de 1989, que cria o Fundo Nacional do Meio Ambiente – FNMA.",2026-06-16T10:49,Aguardando Despacho do Presidente da Câmara dos Deputados (Chancela),https://www.camara.leg.br/proposicoesWeb/prop_mostrarintegra?codteor=3147130,pdfs/meio_ambiente/PDL_611_2026.pdf
2633830,meio_ambiente,PL 3192/2026,"Institui obrigações de prevenção e mitigação de mortalidade de fauna silvestre em infraestruturas hídricas artificiais destinadas à irrigação e à reservação de água para fins agropecuários, incluindo a instalação de estruturas de fuga para fauna e de passagens de fauna sobre canais e adutoras descobertas; cria o Cadastro Nacional de Acidentes com Fauna em Infraestruturas Hídricas Artificiais; altera a Lei nº 12.787, de 11 de janeiro de 2013, e a Lei nº 9.605, de 12 de fevereiro de 1998.",2026-06-17T18:25,Tramitando em Conjunto,https://www.camara.leg.br/proposicoesWeb/prop_mostrarintegra?codteor=3149306,pdfs/meio_ambiente/PL_3192_2026.pdf
2634637,meio_ambiente,PDL 684/2026,"Susta os efeitos do Decreto nº 13.013, de 10 de junho de 2026, que altera o Decreto nº 10.224, de 5 de fevereiro de 2020, que regulamenta a Lei nº 7.797, de 10 de julho de 1989, que cria o Fundo Nacional do Meio Ambiente – FNMA.",2026-06-22T14:42,Aguardando Despacho do Presidente da Câmara dos Deputados (Autorização),https://www.camara.leg.br/proposicoesWeb/prop_mostrarintegra?codteor=3151298,pdfs/meio_ambiente/PDL_684_2026.pdf
2635549,meio_ambiente,PL 3336/2026,"Altera a Lei nº 15.282, de 9 de dezembro de 2025, para estender às Organizações Estaduais de Pesquisa Agropecuária - Oepas a isenção do pagamento de taxas, contribuições por serviços prestados e demais cobranças incidentes sobre pedidos de registro e proteção de experimentos de pesquisa, produtos e tecnologias geradas.",2026-06-30T14:05,Aguardando Designação de Relator(a),https://www.camara.leg.br/proposicoesWeb/prop_mostrarintegra?codteor=3154091,pdfs/meio_ambiente/PL_3336_2026.pdf
2636490,meio_ambiente,PL 3424/2026,"Institui a Lei Emprego Local e Contrapartida Social nos Grandes Empreendimentos, cria a Política Nacional de Contrapartida Social, Empregabilidade Local e Qualificação Profissional nos empreendimentos de significativo impacto ambiental sujeitos ao licenciamento ambiental federal, estabelece diretrizes para priorização da contratação de trabalhadores residentes nos municípios diretamente impactados, condiciona benefícios federais à adoção de plano de empregabilidade local e dá outras providências.",2026-07-01T17:54,Aguardando Despacho do Presidente da Câmara dos Deputados (Chancela),https://www.camara.leg.br/proposicoesWeb/prop_mostrarintegra?codteor=3155442,pdfs/meio_ambiente/PL_3424_2026.pdf
2637101,meio_ambiente,MPV 1375/2026,"Amplia o rol de Carreiras e Planos Especiais de Cargos cujos ocupantes fazem jus à indenização de que trata a Lei nº 12.855, de 2 de setembro de 2013, altera a Lei nº 15.367, de 30 de março de 2026, para admitir que as pessoas de que tratam o art. 6º da Emenda Constitucional nº 79, de 27 de maio de 2014, e o art. 6º da Emenda Constitucional nº 98, de 6 de dezembro de 2017, exerçam o direito de opção de que tratam os art. 52 a art. 54 da referida Lei, e transforma cargos efetivos vagos.",2026-07-03T00:00,,https://www.camara.leg.br/proposicoesWeb/prop_mostrarintegra?codteor=3157732,pdfs/meio_ambiente/MPV_1375_2026.pdf
2637609,meio_ambiente,PL 3522/2026,"Altera a redação da Lei nº 12.334, de 20 de setembro de 2010, para dispor sobre a declaração de emergência em barragens pelo empreendedor, as medidas emergenciais de proteção das pessoas e da natureza e o exercício de poder de polícia administrativa do órgão fiscalizador.",2026-07-07T13:37,Aguardando Designação de Relator(a),https://www.camara.leg.br/proposicoesWeb/prop_mostrarintegra?codteor=3157931,pdfs/meio_ambiente/PL_3522_2026.pdf
2637765,meio_ambiente,PL 3535/2026,"Altera a Lei nº 13.675, de 2018, para determinar o uso de tecnologias de segurança pública no combate a crimes contra os animais.",2026-07-07T17:43,Aguardando Designação de Relator(a),https://www.camara.leg.br/proposicoesWeb/prop_mostrarintegra?codteor=3158213,pdfs/meio_ambiente/PL_3535_2026.pdf
2640652,meio_ambiente,PL 3977/2026,"Altera a Lei nº 6.938, de 31 de agosto de 1981, que dispõe sobre a Política Nacional do Meio Ambiente, para aprimorar os instrumentos de estabelecimento dos padrões nacionais de qualidade do ar, fixar parâmetros internacionais de referência e prever o regramento de metas progressivas de transição e responsabilidade federativa.",2026-07-17T18:05,Aguardando Autorização do Despacho,https://www.camara.leg.br/proposicoesWeb/prop_mostrarintegra?codteor=3164406,pdfs/meio_ambiente/PL_3977_2026.pdf
2640845,meio_ambiente,PL 4165/2026,"Altera a Lei nº 6.938, de 31 de agosto de 1981, que dispõe sobre a Política Nacional do Meio Ambiente, para incluir a reparação fundiária e cultural de povos indígenas entre as diretrizes de compensação por impactos ambientais e sociais.",2026-07-17T18:21,Aguardando Autorização do Despacho,https://www.camara.leg.br/proposicoesWeb/prop_mostrarintegra?codteor=3164603,pdfs/meio_ambiente/PL_4165_2026.pdf
2640971,meio_ambiente,PL 4290/2026,"Altera a Lei nº 6.938, de 31 de agosto de 1981, para aprimorar o procedimento de Avaliação de Impacto Ambiental em empreendimentos de grande porte nos Biomas Amazônia e Cerrado, dispondo sobre a análise de impactos cumulativos e sinérgicos e a Consulta Prévia, Livre e Informada.",2026-07-17T18:22,,https://www.camara.leg.br/proposicoesWeb/prop_mostrarintegra?codteor=3164738,pdfs/meio_ambiente/PL_4290_2026.pdf
2641590,meio_ambiente,PRC 41/2026,"Estabelece a exigência de discussão e votação presenciais, no Plenário da Câmara dos Deputados, das matérias de alta relevância socioambiental.",2026-07-24T13:32,Aguardando Autorização do Despacho,https://www.camara.leg.br/proposicoesWeb/prop_mostrarintegra?codteor=3166117,pdfs/meio_ambiente/PRC_41_2026.pdf
2642302,meio_ambiente,PL 4943/2026,"Institui pensão especial aos filhos e dependentes crianças ou adolescentes, órfãos em razão do homicídio de liderança indígena e/ou de pessoa defensora dos territórios e do meio ambiente e dá outras providências.",2026-08-07T17:14,Aguardando Autorização do Despacho,https://www.camara.leg.br/proposicoesWeb/prop_mostrarintegra?codteor=3169520,pdfs/meio_ambiente/PL_4943_2026.pdf
2644764,meio_ambiente,PL 5209/2026,Estabelece normas gerais específicas para o licenciamento ambiental de centros de dados.,2026-08-28T11:01,,https://www.camara.leg.br/proposicoesWeb/prop_mostrarintegra?codteor=3175457,pdfs/meio_ambiente/PL_5209_2026.pdf
2646290,meio_ambiente,PDL 999/2026,"Susta, nos termos do art. 49, inciso V, da Constituição Federal, os efeitos da Portaria Interministerial MPA/MMA nº 66, de 27 de julho de 2026, que estabelece regras para o uso sustentável e a recuperação dos estoques da espécie pargo (Lutjanus purpureus).",2026-09-09T15:18,Aguardando Chancela e Publicação do Despacho,https://www.camara.leg.br/proposicoesWeb/prop_mostrarintegra?codteor=3179307,pdfs/meio_ambiente/PDL_999_2026.pdf
2646388,meio_ambiente,PDL 1001/2026,"Susta, nos termos do art. 49, inciso V, da Constituição Federal, a aplicação do art. 30 da Instrução Normativa ICMBio nº 9, de 23 de agosto de 2023, por exorbitar dos limites do poder regulamentar.",2026-09-14T10:07,,https://www.camara.leg.br/proposicoesWeb/prop_mostrarintegra?codteor=3180052,pdfs/meio_ambiente/PDL_1001_2026.pdf
2600022,saude,PDL 3/2026,"Susta os efeitos da Portaria MTE nº 104/2026, do Ministério do Trabalho, que “Altera a Norma Regulamentadora Nº 28 (NR-28) - Fiscalização e Penalidades.”",2026-02-02T09:49,Aguardando Despacho do Presidente da Câmara dos Deputados (Chancela),https://www.camara.leg.br/proposicoesWeb/prop_mostrarintegra?codteor=3075834,pdfs/saude/PDL_3_2026.pdf
2600090,saude,PL 42/2026,Determina a inclusão da vacina contra a Herpes Zoster no Programa Nacional de Imunizações – PNI.,2026-02-02T11:19,Tramitando em Conjunto,https://www.camara.leg.br/proposicoesWeb/prop_mostrarintegra?codteor=3075939,pdfs/saude/PL_42_2026.pdf
2600093,saude,PL 44/2026,"Institui prazo máximo para a realização de exames essenciais no âmbito do Sistema Único de Saúde (SUS), assegura a transparência das filas de espera e garante a realização do exame na rede privada contratualizada quando descumprido o prazo estipulado.",2026-02-02T11:27,Tramitando em Conjunto,https://www.camara.leg.br/proposicoesWeb/prop_mostrarintegra?codteor=3075945,pdfs/saude/PL_44_2026.pdf
2600140,saude,PL 74/2026,"Assegura ao paciente, bem como a seu representante legal ou responsável, o direito ao acesso integral, claro e atualizado às informações referentes a todas as medicações que lhe forem ou tiverem sido administradas, no âmbito dos serviços de saúde públicos e privados.",2026-02-02T14:00,Pronta para Pauta,https://www.camara.leg.br/proposicoesWeb/prop_mostrarintegra?codteor=3076029,pdfs/saude/PL_74_2026.pdf
2600161,saude,PL 88/2026,"Altera a Lei nº 14.758, de 19 de dezembro de 2023, que institui a Política Nacional de Prevenção e Controle do Câncer no âmbito do Sistema Único de Saúde (SUS), para dispor sobre a ampliação do acesso à testagem genética para identificação de predisposição hereditária ao câncer de mama.",2026-02-02T14:36,Aguardando Parecer,https://www.camara.leg.br/proposicoesWeb/prop_mostrarintegra?codteor=3077268,pdfs/saude/PL_88_2026.pdf
2600167,saude,PL 92/2026,"Institui incentivo fiscal para médicos, clínicas e hospitais veterinários que prestarem atendimento gratuito a animais em situação de urgência ou emergência, decorrentes de maustratos, crueldade ou abuso, e altera as Leis nos 9.249, de 26 de dezembro de 1995, e 9.250, de 26 de dezembro de 1995.",2026-02-02T14:46,Aguardando Parecer,https://www.camara.leg.br/proposicoesWeb/prop_mostrarintegra?codteor=3077275,pdfs/saude/PL_92_2026.pdf
2600216,saude,PL 103/2026,"Dispõe sobre a desoneração de tributos federais incidentes sobre medicamentos oncológicos e insumos destinados à pesquisa em oncologia, altera as Leis nº 10.865, de 30 de abril de 2004, nº 8.032, de 12 de abril de 1990, e nº 8.010, de 29 de março de 1990, e dá outras providências.",2026-02-02T16:21,Aguardando Encaminhamento,https://www.camara.leg.br/proposicoesWeb/prop_mostrarintegra?codteor=3077391,pdfs/saude/PL_103_2026.pdf
2600256,saude,PL 113/2026,"Dispõe sobre a oferta de procedimentos de habilitação e reabilitação em saúde para pessoas com transtornos do neurodesenvolvimento, no âmbito do Sistema Único de Saúde (SUS).",2026-02-02T18:02,Pronta para Pauta,https://www.camara.leg.br/proposicoesWeb/prop_mostrarintegra?codteor=3077451,pdfs/saude/PL_113_2026.pdf
2600276,saude,PDL 9/2026,"Susta a aplicação de dispositivos da Norma Regulamentadora nº 31 – Segurança e Saúde no Trabalho na Agricultura, Pecuária, Silvicultura, Exploração Florestal e Aquicultura, na parte em que vêm sendo interpretados para impor, de forma genérica, a obrigatoriedade do uso de capacete por trabalhadores rurais, independentemente da caracterização de risco específico.",2026-02-02T18:39,Aguardando Despacho do Presidente da Câmara dos Deputados (Chancela),https://www.camara.leg.br/proposicoesWeb/prop_mostrarintegra?codteor=3077480,pdfs/saude/PDL_9_2026.pdf
2600297,saude,PL 126/2026,"Dispõe sobre o direito à desconexão do trabalho, altera a Consolidação das Leis do Trabalho (CLT), e dá outras providências.",2026-02-02T19:07,Pronta para Pauta,https://www.camara.leg.br/proposicoesWeb/prop_mostrarintegra?codteor=3077523,pdfs/saude/PL_126_2026.pdf
2600304,saude,PL 132/2026,Institui o Programa “Psicólogo na Escola” para a promoção da saúde mental na educação básica e dá outras providências.,2026-02-02T19:22,Aguardando Encaminhamento,https://www.camara.leg.br/proposicoesWeb/prop_mostrarintegra?codteor=3077532,pdfs/saude/PL_132_2026.pdf
2600314,saude,PL 136/2026,Institui o Programa “Guilherme Motta”- Programa Nacional de Amparo Integral aos Protetores de Animais e dá outras providências.,2026-02-02T19:39,Aguardando Designação de Relator(a),https://www.camara.leg.br/proposicoesWeb/prop_mostrarintegra?codteor=3077548,pdfs/saude/PL_136_2026.pdf
2600447,saude,PL 181/2026,"Institui a Política Nacional de Atenção Integral às Pessoas com Síndromes Dolorosas Crônicas Invisibilizadas, estabelece diretrizes para o cuidado integral baseado em evidências científicas e dá outras providências.",2026-02-03T13:02,Aguardando Designação de Relator(a),https://www.camara.leg.br/proposicoesWeb/prop_mostrarintegra?codteor=3077827,pdfs/saude/PL_181_2026.pdf
2600448,saude,PL 182/2026,"Institui a Política Nacional de Atenção Integral à Pessoa com Vitiligo no âmbito do Sistema Único de Saúde (SUS), estabelece diretrizes para o cuidado integral, a prevenção da discriminação e a promoção da dignidade da pessoa humana, e dá outras providências.",2026-02-03T13:02,Pronta para Pauta,https://www.camara.leg.br/proposicoesWeb/prop_mostrarintegra?codteor=3077828,pdfs/saude/PL_182_2026.pdf
2600464,saude,PL 190/2026,"Estabelece diretrizes gerais para o reconhecimento das corridas de rua e eventos esportivos não formais como instrumentos de promoção da saúde e do esporte, vedando a instituição de taxas de natureza arrecadatória incompatíveis com essa finalidade.",2026-02-03T13:03,Pronta para Pauta,https://www.camara.leg.br/proposicoesWeb/prop_mostrarintegra?codteor=3077858,pdfs/saude/PL_190_2026.pdf
2600494,saude,PL 194/2026,"Dispõe sobre a regulamentação da atuação da Enfermagem na modalidade de atenção domiciliar (Home Care) e estabelece direitos, deveres e condições de trabalho.",2026-02-03T13:58,Pronta para Pauta,https://www.camara.leg.br/proposicoesWeb/prop_mostrarintegra?codteor=3077912,pdfs/saude/PL_194_2026.pdf
2600497,saude,PL 195/2026,Altera o Código Penal para aumentar a pena do crime de feminicídio quando praticado por agente de segurança pública e dá outras providências.,2026-02-03T14:03,Aguardando Designação de Relator(a),https://www.camara.leg.br/proposicoesWeb/prop_mostrarintegra?codteor=3077917,pdfs/saude/PL_195_2026.pdf
2600531,saude,PL 197/2026,"Institui a Lei Nacional de Regulação das Instituições de Longa Permanência para Pessoas Idosas (ILPIs), estabelece padrões mínimos de funcionamento, define responsabilidades do poder público, cria mecanismos de financiamento, fiscalização e proteção dos direitos da pessoa idosa institucionalizada, e dá outras providências.",2026-02-03T14:30,Aguardando Parecer,https://www.camara.leg.br/proposicoesWeb/prop_mostrarintegra?codteor=3077974,pdfs/saude/PL_197_2026.pdf
2600629,saude,PL 218/2026,"Altera a Lei nº 10.861, de 14 de abril de 2004, para aperfeiçoar os instrumentos de avaliação e supervisão da educação superior nos cursos da área de saúde no âmbito do Sistema Nacional de Avaliação da Educação Superior (Sinaes), e dá outras providências.",2026-02-03T17:46,Aguardando Designação de Relator(a),https://www.camara.leg.br/proposicoesWeb/prop_mostrarintegra?codteor=3078140,pdfs/saude/PL_218_2026.pdf
2600644,saude,PL 225/2026,"Institui a Política Nacional de Despoluição Sonora e dispõe sobre seus princípios, objetivos e instrumentos, bem como sobre as diretrizes relativas à gestão da qualidade acústica no território nacional.",2026-02-03T17:54,Aguardando Designação de Relator(a),https://www.camara.leg.br/proposicoesWeb/prop_mostrarintegra?codteor=3078168,pdfs/saude/PL_225_2026.pdf
2600705,saude,PL 239/2026,"Altera o Decreto-Lei nº 2.848, de 7 de dezembro de 1940 - Código Penal para qualificar o crime de omissão de socorro quando praticado contra crianças ou adolescentes",2026-02-03T20:58,Tramitando em Conjunto,https://www.camara.leg.br/proposicoesWeb/prop_mostrarintegra?codteor=3078294,pdfs/saude/PL_239_2026.pdf
2600740,saude,PL 248/2026,"Dispõe sobre a responsabilidade do empregador pela guarda, limpeza e higienização das vestimentas especiais utilizadas em atividades de risco e dá outras providências.",2026-02-04T10:08,Aguardando Designação de Relator(a),https://www.camara.leg.br/proposicoesWeb/prop_mostrarintegra?codteor=3078340,pdfs/saude/PL_248_2026.pdf
2600820,saude,PDL 14/2026,"Susta a inclusão das Comunidades Terapêuticas nos Serviços de Atenção Residencial Transitória do inciso II do art. 9º da Portaria nº 3.088, de 23 de dezembro de 2011, do Ministério da Saúde.",2026-02-04T13:19,Aguardando Despacho do Presidente da Câmara dos Deputados (Chancela),https://www.camara.leg.br/proposicoesWeb/prop_mostrarintegra?codteor=3078478,pdfs/saude/PDL_14_2026.pdf
2600831,saude,PL 277/2026,"Dispõe sobre a vinculação do Exame Nacional de Avaliação dos Cursos de Medicina (ENAMED) ao exercício da profissão médica, estabelece mecanismos de responsabilização institucional das instituições de ensino superior e dá outras providências.",2026-02-04T13:57,Aguardando Apensação,https://www.camara.leg.br/proposicoesWeb/prop_mostrarintegra?codteor=3078503,pdfs/saude/PL_277_2026.pdf
2600844,saude,PL 279/2026,"Altera a Lei nº 8.742, de 7 de dezembro de 1993 (Lei Orgânica da Assistência Social - LOAS), para tipificar os serviços de Centro-Dia e Residência Inclusiva para a Pessoa Idosa, e a Lei nº 10.741, de 1º de outubro de 2003 (Estatuto da Pessoa Idosa), para assegurar o atendimento a partir dos 60 (sessenta) anos de idade nos serviços de acolhimento da rede socioassistencial.",2026-02-04T14:44,Aguardando Designação de Relator(a),https://www.camara.leg.br/proposicoesWeb/prop_mostrarintegra?codteor=3078540,pdfs/saude/PL_279_2026.pdf
2600895,saude,PL 284/2026,"Institui normas gerais para o reconhecimento e a proteção de cães e gatos comunitários, define diretrizes de identificação, cuidado sanitário, responsabilidade comunitária e cooperação entre entes federativos, e dá outras providências.",2026-02-04T15:04,Tramitando em Conjunto,https://www.camara.leg.br/proposicoesWeb/prop_mostrarintegra?codteor=3078640,pdfs/saude/PL_284_2026.pdf
2600923,saude,PL 289/2026,"Altera a Lei nº 8.069, de 13 de julho de 1990 (Estatuto da Criança e do Adolescente), e o Decreto-Lei nº 2.848, de 7 de dezembro de 1940 (Código Penal), para reforçar a proteção integral desde a concepção, endurecer o combate à cooptação de menores pelo crime, aperfeiçoar as medidas socioeducativas, ampliar a proteção em ambiente digital, vedar a sexualização precoce, dispor sobre a gestão dos Fundos dos Direitos da Criança e do Adolescente e reafirmar o caráter consultivo dos Conselhos de Direitos",2026-02-04T15:46,Aguardando Parecer,https://www.camara.leg.br/proposicoesWeb/prop_mostrarintegra?codteor=3078674,pdfs/saude/PL_289_2026.pdf
2601008,saude,PL 306/2026,Institui procedimento simplificado para celebração e execução de Termos de Execução Descentralizada destinados à aplicação de emendas parlamentares em ações e serviços de saúde em territórios indígenas.,2026-02-04T18:07,Aguardando Designação de Relator(a),https://www.camara.leg.br/proposicoesWeb/prop_mostrarintegra?codteor=3078788,pdfs/saude/PL_306_2026.pdf
2601129,saude,PDL 22/2026,"Susta os efeitos do Decreto nº 12.833, de 26 de janeiro de 2026 que declarou de interesse social, para fins de desapropriação, o imóvel rural denominado Fazenda Floresta, localizado nos Municípios de Tangará, São José do Campestre, Boa Saúde e Serra Caiada, Estado do Rio Grande do Norte.",2026-02-05T14:08,Aguardando Despacho do Presidente da Câmara dos Deputados (Chancela),https://www.camara.leg.br/proposicoesWeb/prop_mostrarintegra?codteor=3079097,pdfs/saude/PDL_22_2026.pdf
2601142,saude,PL 338/2026,Institui a Semana Nacional dos Cuidados com o Sono.,2026-02-05T14:45,Aguardando Designação de Relator(a),https://www.camara.leg.br/proposicoesWeb/prop_mostrarintegra?codteor=3079127,pdfs/saude/PL_338_2026.pdf
2601212,saude,PDL 23/2026,"Susta os efeitos dos Decretos nºs 12.827, 12.828, 12.829, 12.830, 12.831, 12.832 e 12.833, de 26 de janeiro de 2026, que declaram de interesse social, para fins de desapropriação, diversos imóveis rurais, e dá outras providências.",2026-02-05T18:04,Aguardando Despacho do Presidente da Câmara dos Deputados (Chancela),https://www.camara.leg.br/proposicoesWeb/prop_mostrarintegra?codteor=3079278,pdfs/saude/PDL_23_2026.pdf
2601224,saude,PL 362/2026,"Altera a Lei nº 10.216, de 6 de abril de 2001, para instituir diretrizes de prevenção em saúde mental, detecção precoce, ampliação do acesso assistencial e intervenção psicossocial em crises no âmbito do Sistema Único de Saúde – SUS.",2026-02-05T19:45,Tramitando em Conjunto,https://www.camara.leg.br/proposicoesWeb/prop_mostrarintegra?codteor=3079340,pdfs/saude/PL_362_2026.pdf
2601264,saude,PL 376/2026,"Altera a Lei nº 9.782, de 26 de janeiro de 1999, para dispor sobre a vedação do uso, em alimentos destinados ao consumo humano, de substâncias químicas proibidas por autoridades sanitárias estrangeiras com base em evidências científicas de risco à saúde, e dá outras providências.",2026-02-06T14:50,Tramitando em Conjunto,https://www.camara.leg.br/proposicoesWeb/prop_mostrarintegra?codteor=3079480,pdfs/saude/PL_376_2026.pdf
2601275,saude,PL 383/2026,"Institui a disciplina Educação em Proteção e Direitos dos Animais como conteúdo obrigatório na educação básica; dispõe sobre a punição para crimes de maus-tratos a animais, tornando-os hediondos e imprescritíveis; estabelece a perda da guarda e tutela ao condenado; dispõe sobre o atendimento público à saúde animal e o controle populacional por meio de esterilização gratuita e cria o Cadastro Nacional de Pessoas Condenadas por Crimes Contra Animais.",2026-02-06T16:04,Aguardando Parecer,https://www.camara.leg.br/proposicoesWeb/prop_mostrarintegra?codteor=3079523,pdfs/saude/PL_383_2026.pdf
2601283,saude,PL 384/2026,"Dispõe sobre a vedação do financiamento, promoção e execução, com recursos públicos, de práticas pseudoterapêuticas no âmbito das políticas públicas de saúde e assistência, estabelece critérios científicos obrigatórios para incorporação de práticas em saúde e preserva o regime jurídico práticas constitucionalmente protegidas.",2026-02-06T18:20,Aguardando Designação de Relator(a),https://www.camara.leg.br/proposicoesWeb/prop_mostrarintegra?codteor=3079574,pdfs/saude/PL_384_2026.pdf
2601285,saude,PL 386/2026,Dispõe sobre a vedação da utilização da técnica denominada constelação familiar sistêmica no âmbito do Sistema Único de Saúde (SUS) e dá outras providências.,2026-02-06T18:21,Aguardando Designação de Relator(a),https://www.camara.leg.br/proposicoesWeb/prop_mostrarintegra?codteor=3079576,pdfs/saude/PL_386_2026.pdf
2601389,saude,MPV 1336/2026,"Altera a Lei nº 8.036, de 11 de maio de 1990, que dispõe sobre o Fundo de Garantia do Tempo de Serviço.",2026-02-06T00:00,Perdeu a Eficácia,https://www.camara.leg.br/proposicoesWeb/prop_mostrarintegra?codteor=3079716,pdfs/saude/MPV_1336_2026.pdf
2601492,saude,PL 391/2026,"Dispõe sobre a regulamentação da fabricação, da comercialização, da posse, do uso e da atualização de robôs humanoides no território nacional, estabelece requisitos de segurança, transparência algorítmica, responsabilidade civil e penal, altera o Decreto-Lei nº 2.848, de 7 de dezembro de 1940 (Código Penal), e a Lei nº 8.078, de 11 de setembro de 1990 (Código de Defesa do Consumidor), e dá outras providências.",2026-02-09T12:16,Aguardando Parecer,https://www.camara.leg.br/proposicoesWeb/prop_mostrarintegra?codteor=3079928,pdfs/saude/PL_391_2026.pdf
2601498,saude,PL 394/2026,"Dispõe sobre a oferta universal de exame de audiometria pelo Sistema Único de Saúde (SUS) para crianças aos cinco anos de idade, e dá outras providências.",2026-02-09T13:05,Arquivada,https://www.camara.leg.br/proposicoesWeb/prop_mostrarintegra?codteor=3079941,pdfs/saude/PL_394_2026.pdf
2601695,saude,PL 403/2026,Estabelece diretrizes nacionais para a garantia do diagnóstico oportuno de neoplasias malignas no âmbito do Sistema Único de Saúde (SUS) e dá outras providências.,2026-02-09T17:42,Aguardando Designação de Relator(a),https://www.camara.leg.br/proposicoesWeb/prop_mostrarintegra?codteor=3080395,pdfs/saude/PL_403_2026.pdf
2601698,saude,PL 404/2026,Institui piso nacional para atendimentos psicológicos prestados por meio de plataformas digitais e por prestadores vinculados a planos de saúde e dá outras providências.,2026-02-09T17:56,Aguardando Designação de Relator(a),https://www.camara.leg.br/proposicoesWeb/prop_mostrarintegra?codteor=3080398,pdfs/saude/PL_404_2026.pdf
2601733,saude,PL 410/2026,"Institui a Política Nacional de Garantia de Prazo Máximo para Realização de Exames, Consultas Especializadas e Procedimentos no Sistema Único de Saúde (SUS), e dá outras providências.",2026-02-09T18:48,Tramitando em Conjunto,https://www.camara.leg.br/proposicoesWeb/prop_mostrarintegra?codteor=3080455,pdfs/saude/PL_410_2026.pdf
2601747,saude,PL 415/2026,"Institui diretrizes nacionais para o tratamento e a gestão ambientalmente adequada do chorume, dos resíduos sólidos urbanos e dos lodos gerados em Estações de Tratamento de Água e Estações de Tratamento de Esgoto; estabelece regras de controle, monitoramento e rastreabilidade ambiental; define prazos de adequação; e dá outras providências.",2026-02-09T19:10,Aguardando Designação de Relator(a),https://www.camara.leg.br/proposicoesWeb/prop_mostrarintegra?codteor=3080475,pdfs/saude/PL_415_2026.pdf
2601766,saude,PL 416/2026,"Institui a isenção do pagamento de pedágio em rodovias para veículos que transportem pessoas com Transtorno do Espectro Autista (TEA), síndrome de Down, deficiência ou doenças graves e degenerativas, para fins de tratamento de saúde, e dá outras providências.",2026-02-09T19:54,Tramitando em Conjunto,https://www.camara.leg.br/proposicoesWeb/prop_mostrarintegra?codteor=3080501,pdfs/saude/PL_416_2026.pdf
2601791,saude,PL 418/2026,"Declara de interesse público o medicamento Lenacapavir, para fins do disposto no art. 71 da Lei nº 9.279, de 14 de maio de 1996.",2026-02-09T21:20,Aguardando Parecer,https://www.camara.leg.br/proposicoesWeb/prop_mostrarintegra?codteor=3080548,pdfs/saude/PL_418_2026.pdf
2601812,saude,PL 419/2026,Dispõe sobre a criação do Sistema Nacional de Rastreabilidade e Autenticação de Bebidas Alcoólicas Importadas e dá outras providências.,2026-02-10T10:14,Aguardando Parecer,https://www.camara.leg.br/proposicoesWeb/prop_mostrarintegra?codteor=3080619,pdfs/saude/PL_419_2026.pdf
2602072,saude,PL 435/2026,"Acrescenta o art. 88-A à Lei n.º 13.146, de 6 de julho de 2015 (Estatuto da Pessoa com Deficiência), para criminalizar a recusa injustificada à permanência de acompanhante ou atendente pessoal de pessoa com deficiência durante internação ou observação em unidade de saúde.",2026-02-10T15:57,Tramitando em Conjunto,https://www.camara.leg.br/proposicoesWeb/prop_mostrarintegra?codteor=3080999,pdfs/saude/PL_435_2026.pdf
2602192,saude,PL 445/2026,"Institui a Política Nacional de Ampliação do Tratamento Farmacológico da Obesidade no âmbito do Sistema Único de Saúde (SUS), com a incorporação, a oferta e a distribuição de medicamentos injetáveis para controle crônico do peso corporal, popularmente conhecidos como “canetas emagrecedoras”, abrangendo todas as classes terapêuticas e marcas com registro sanitário vigente no País, como estratégia prioritária e complementar à cirurgia bariátrica, e dá outras providências.",2026-02-10T18:22,Tramitando em Conjunto,https://www.camara.leg.br/proposicoesWeb/prop_mostrarintegra?codteor=3081142,pdfs/saude/PL_445_2026.pdf
2602294,saude,PL 454/2026,"Altera a Lei nº 13.819, de 26 de abril de 2019, para dispor sobre a atuação voluntária e complementar de líderes religiosos em situações de tentativa de suicídio e automutilação, sob coordenação das autoridades competentes.",2026-02-10T19:53,Aguardando Designação de Relator(a),https://www.camara.leg.br/proposicoesWeb/prop_mostrarintegra?codteor=3081329,pdfs/saude/PL_454_2026.pdf
2602327,saude,PL 461/2026,"Institui a Semana Nacional de Educação Integral em Saúde da Mulher – Lei Delas Por Elas, a ser realizada anualmente no mês de março, e dá outras providências.",2026-02-10T20:49,Aguardando Parecer,https://www.camara.leg.br/proposicoesWeb/prop_mostrarintegra?codteor=3081385,pdfs/saude/PL_461_2026.pdf
2602343,saude,PL 463/2026,Estabelece prazo máximo nacional para realização de cirurgias eletivas no SUS (Lei da Fila Zero),2026-02-10T22:25,,https://www.camara.leg.br/proposicoesWeb/prop_mostrarintegra?codteor=3081459,pdfs/saude/PL_463_2026.pdf
2602463,saude,PL 476/2026,"Acrescenta parágrafo ao artigo 135 do Decreto-Lei nº 2.848, de 07 de dezembro de 1940 - Código Penal Brasileiro, para dispor sobre o aumento de pena de quem abdica do dever de prestação de assistência ou de acionamento da autoridade pública para se dedicar a registro audiovisual dos fatos para fins de mera divulgação em quaisquer meios, e dá outras providências.",2026-02-11T12:23,Tramitando em Conjunto,https://www.camara.leg.br/proposicoesWeb/prop_mostrarintegra?codteor=3081674,pdfs/saude/PL_476_2026.pdf
2602539,saude,PL 483/2026,"Altera o Decreto-Lei nº 2.848, de 7 de dezembro de 1940 (Código Penal), a Lei nº 11.343, de 23 de agosto de 2006, e a Lei nº 8.213, de 24 de julho de 1991, para disciplinar a destinação de bens, valores e parcela do auxílio-reclusão decorrentes de condenações por tráfico ilícito de drogas ao financiamento de políticas públicas de prevenção, tratamento e reinserção social de dependentes químicos, preservada a destinação legal a órgãos de repressão e o núcleo essencial do benefício previdenciário aos dependentes.",2026-02-11T14:20,Aguardando Parecer,https://www.camara.leg.br/proposicoesWeb/prop_mostrarintegra?codteor=3081798,pdfs/saude/PL_483_2026.pdf
2602630,saude,PL 501/2026,"Cria o Programa Nacional de Vacinas de Alto Impacto em Adultos e Idosos- PNVAI, no âmbito do Sistema Único de Saúde – SUS, e dá outras providências.",2026-02-11T15:55,Tramitando em Conjunto,https://www.camara.leg.br/proposicoesWeb/prop_mostrarintegra?codteor=3082093,pdfs/saude/PL_501_2026.pdf
2602658,saude,PL 506/2026,"Institui a Campanha Nacional Permanente “SUS para Todos – Conhecer para Cuidar”, e dá outras providências.",2026-02-11T16:34,Aguardando Parecer,https://www.camara.leg.br/proposicoesWeb/prop_mostrarintegra?codteor=3082326,pdfs/saude/PL_506_2026.pdf
2602696,saude,PL 515/2026,"Institui a Campanha Nacional Permanente “SUS para Todos – Conhecer para Cuidar”, e dá outras providências.",2026-02-11T17:19,Aguardando Encaminhamento,https://www.camara.leg.br/proposicoesWeb/prop_mostrarintegra?codteor=3082369,pdfs/saude/PL_515_2026.pdf
2602705,saude,PL 517/2026,Institui a Política Nacional de Controle e Erradicação de Fauna Exótica Invasora (PNCEFI),2026-02-11T17:27,Tramitando em Conjunto,https://www.camara.leg.br/proposicoesWeb/prop_mostrarintegra?codteor=3082378,pdfs/saude/PL_517_2026.pdf
2602876,saude,PL 532/2026,Dispõe sobre a incorporação da dieta cetogênica como terapia nutricional complementar no âmbito do Sistema Único de Saúde para pacientes com epilepsia refratária e dá outras providências.,2026-02-12T11:49,Aguardando Parecer,https://www.camara.leg.br/proposicoesWeb/prop_mostrarintegra?codteor=3082878,pdfs/saude/PL_532_2026.pdf
2602944,saude,PL 545/2026,"Altera a redação do art. 35-G  da Lei nº 9.656, de 3 de junho de 1998.",2026-02-12T16:20,Aguardando Designação de Relator(a),https://www.camara.leg.br/proposicoesWeb/prop_mostrarintegra?codteor=3083128,pdfs/saude/PL_545_2026.pdf
2602945,saude,PL 546/2026,"Altera a redação do art. 12 da Lei nº 9.656, de 3 de junho de 1998.",2026-02-12T16:20,Tramitando em Conjunto,https://www.camara.leg.br/proposicoesWeb/prop_mostrarintegra?codteor=3083129,pdfs/saude/PL_546_2026.pdf
2602946,saude,PL 547/2026,"Altera a redação do art. 14 da Lei nº 9.656, de 3 de junho de 1998.",2026-02-12T16:20,Aguardando Designação de Relator(a),https://www.camara.leg.br/proposicoesWeb/prop_mostrarintegra?codteor=3083131,pdfs/saude/PL_547_2026.pdf
2602947,saude,PL 548/2026,"Altera a redação do art. 16 da Lei nº 9.656, de 3 de junho de 1998.",2026-02-12T16:20,Aguardando Designação de Relator(a),https://www.camara.leg.br/proposicoesWeb/prop_mostrarintegra?codteor=3083133,pdfs/saude/PL_548_2026.pdf
2602948,saude,PL 549/2026,"Altera a redação do inciso I do caput do art. 18 da Lei nº 9.656, de 3 de junho de 1998.",2026-02-12T16:20,Tramitando em Conjunto,https://www.camara.leg.br/proposicoesWeb/prop_mostrarintegra?codteor=3083135,pdfs/saude/PL_549_2026.pdf
2602949,saude,PL 550/2026,"Altera a redação do inciso IV do caput do art. 18 da Lei nº 9.656, de 3 de junho de 1998.",2026-02-12T16:20,Aguardando Designação de Relator(a),https://www.camara.leg.br/proposicoesWeb/prop_mostrarintegra?codteor=3083136,pdfs/saude/PL_550_2026.pdf
2602950,saude,PL 551/2026,"Altera a redação do art. 12 da Lei nº 9.656, de 3 de junho de 1998.",2026-02-12T16:20,Tramitando em Conjunto,https://www.camara.leg.br/proposicoesWeb/prop_mostrarintegra?codteor=3083137,pdfs/saude/PL_551_2026.pdf
2602953,saude,PL 553/2026,"Dispõe sobre a prevenção do abandono, dos maus-tratos e da exploração reprodutiva de cães e gatos, estabelece normas gerais de rastreabilidade, responsabilidade e bem-estar animal na criação e na transferência de guarda, institui o Registro Nacional de Criador Comercial (RNCC) e prevê sanções administrativas pelo descumprimento da norma.",2026-02-12T16:39,Aguardando Parecer,https://www.camara.leg.br/proposicoesWeb/prop_mostrarintegra?codteor=3083151,pdfs/saude/PL_553_2026.pdf
2603106,saude,PL 567/2026,"Altera a Lei n° 8.080, de 19 de setembro de 1990, para incluir a disponibilização, pelos gestores públicos, de ferramenta destinada aos usuários do Sistema Único de Saúde (SUS) que possibilite o acesso, em tempo real, a informações sobre regulação assistencial.",2026-02-13T13:41,Tramitando em Conjunto,https://www.camara.leg.br/proposicoesWeb/prop_mostrarintegra?codteor=3083878,pdfs/saude/PL_567_2026.pdf
2603138,saude,PL 574/2026,"Altera a Lei nº 14.826, de 20 de março de 2024, que institui a parentalidade positiva, para estabelecer a oferta de serviços de orientação e apoio em educação parental por Estados, Distrito Federal e Municípios.",2026-02-13T17:42,Aguardando Designação de Relator(a),https://www.camara.leg.br/proposicoesWeb/prop_mostrarintegra?codteor=3084204,pdfs/saude/PL_574_2026.pdf
2603175,saude,PLP 28/2026,"Regulamenta o §1º do art. 201 da Constituição Federal para definir como atividade exercida sob condições prejudiciais à saúde ou à integridade física aquela desempenhada sob risco institucional permanente de violência, incluindo profissionais da segurança privada e Guardas Civis Municipais, e dá outras providências.",2026-02-19T10:04,Aguardando Despacho do Presidente da Câmara dos Deputados (Chancela),https://www.camara.leg.br/proposicoesWeb/prop_mostrarintegra?codteor=3084372,pdfs/saude/PLP_28_2026.pdf
2603205,saude,PL 582/2026,"Altera o art. 1º da Lei nº 9.656, de 3 de junho de 1998, na forma proposta pelo art. 18 da MPV 1301, de 2025.",2026-02-19T11:40,Aguardando Designação de Relator(a),https://www.camara.leg.br/proposicoesWeb/prop_mostrarintegra?codteor=3084448,pdfs/saude/PL_582_2026.pdf
2603206,saude,PL 583/2026,"Acrescenta nova redação ao art. 17 da Lei nº 9.656, de 3 de junho de 1998.",2026-02-19T11:40,Aguardando Designação de Relator(a),https://www.camara.leg.br/proposicoesWeb/prop_mostrarintegra?codteor=3084452,pdfs/saude/PL_583_2026.pdf
2603207,saude,PL 584/2026,"Acrescenta o art. 13-A à Lei nº 9.656, de 3 de junho de 1998.",2026-02-19T11:40,Tramitando em Conjunto,https://www.camara.leg.br/proposicoesWeb/prop_mostrarintegra?codteor=3084453,pdfs/saude/PL_584_2026.pdf
2603208,saude,PL 585/2026,"Acrescenta o art. 13-B à Lei nº 9.656, de 3 de junho de 1998.",2026-02-19T11:40,Aguardando Designação de Relator(a),https://www.camara.leg.br/proposicoesWeb/prop_mostrarintegra?codteor=3084455,pdfs/saude/PL_585_2026.pdf
2603209,saude,PL 586/2026,"Altera a redação do art. 10 da Lei nº 9.656, de 3 de junho de 1998.",2026-02-19T11:40,Aguardando Designação de Relator(a),https://www.camara.leg.br/proposicoesWeb/prop_mostrarintegra?codteor=3084456,pdfs/saude/PL_586_2026.pdf
2603210,saude,PL 587/2026,"Altera a redação do art. 12 da Lei nº 9.656, de 3 de junho de 1998.",2026-02-19T11:40,Tramitando em Conjunto,https://www.camara.leg.br/proposicoesWeb/prop_mostrarintegra?codteor=3084457,pdfs/saude/PL_587_2026.pdf
2603211,saude,PL 588/2026,"Acrescenta o art. 1º-B à Lei nº 9.656, de 3 de junho de 1998.",2026-02-19T11:40,Aguardando Designação de Relator(a),https://www.camara.leg.br/proposicoesWeb/prop_mostrarintegra?codteor=3084459,pdfs/saude/PL_588_2026.pdf
2603253,saude,PL 590/2026,"Inclui no Programa Farmácia Popular do Brasil os medicamentos Mounjaro e Zepbound (à base de tirzepatida), bem como outros medicamentos agonistas do receptor de GLP-1 com eficácia comprovada no tratamento da obesidade, da Doença Crônica Baseada em Adiposidade (DCBA), do sobrepeso com risco metabólico e do Diabetes Mellitus tipo 2, e dá outras providências.",2026-02-19T13:58,Aguardando Designação de Relator(a),https://www.camara.leg.br/proposicoesWeb/prop_mostrarintegra?codteor=3084586,pdfs/saude/PL_590_2026.pdf
2603432,saude,PL 594/2026,"Dispõe sobre a obrigatoriedade de repasse mínimo do valor correspondente ao piso salarial nacional dos profissionais de Enfermagem na assistência domiciliar (home care), estabelece critérios de transparência e dá outras providências.",2026-02-19T20:37,Tramitando em Conjunto,https://www.camara.leg.br/proposicoesWeb/prop_mostrarintegra?codteor=3085184,pdfs/saude/PL_594_2026.pdf
2603479,saude,PL 601/2026,"Acrescenta o art. 15-B à Lei nº 9.656, de 3 de junho de 1998.",2026-02-20T10:58,Aguardando Designação de Relator(a),https://www.camara.leg.br/proposicoesWeb/prop_mostrarintegra?codteor=3085259,pdfs/saude/PL_601_2026.pdf
2603480,saude,PL 602/2026,"Altera a redação do art. 1º da Lei nº 9.656, de 3 de junho de 1998.",2026-02-20T10:58,Aguardando Designação de Relator(a),https://www.camara.leg.br/proposicoesWeb/prop_mostrarintegra?codteor=3085260,pdfs/saude/PL_602_2026.pdf
2603481,saude,PL 603/2026,"Altera a redação do art. 31 da Lei nº 9.656, de 3 de junho de 1998.",2026-02-20T10:58,Aguardando Parecer,https://www.camara.leg.br/proposicoesWeb/prop_mostrarintegra?codteor=3085261,pdfs/saude/PL_603_2026.pdf
2603482,saude,PL 604/2026,"Altera a redação do § 10 do art. 32 e acrescenta §§ 11 a 14 ao art. 32 da Lei nº 9.656, de 3 de junho de 1998.",2026-02-20T10:58,Tramitando em Conjunto,https://www.camara.leg.br/proposicoesWeb/prop_mostrarintegra?codteor=3085262,pdfs/saude/PL_604_2026.pdf
2603483,saude,PL 605/2026,"Acrescenta os § 4º e § 5º ao art. 4º da Lei nº 9.656, de 3 de junho de 1998.",2026-02-20T10:58,Aguardando Designação de Relator(a),https://www.camara.leg.br/proposicoesWeb/prop_mostrarintegra?codteor=3085263,pdfs/saude/PL_605_2026.pdf
2603484,saude,PL 606/2026,"Altera a redação do art. 10 da Lei nº 9.656, de 3 de junho de 1998.",2026-02-20T10:58,Aguardando Designação de Relator(a),https://www.camara.leg.br/proposicoesWeb/prop_mostrarintegra?codteor=3085264,pdfs/saude/PL_606_2026.pdf
2603485,saude,PL 607/2026,"Altera a redação do §4º do art. 16 da Lei nº 9.656, de 3 de junho de 1998.",2026-02-20T10:58,Tramitando em Conjunto,https://www.camara.leg.br/proposicoesWeb/prop_mostrarintegra?codteor=3085265,pdfs/saude/PL_607_2026.pdf
2603486,saude,PL 608/2026,"Acrescenta o art. 17-B à  Lei nº 9.656, de 3 de junho de 1998.",2026-02-20T10:58,Aguardando Designação de Relator(a),https://www.camara.leg.br/proposicoesWeb/prop_mostrarintegra?codteor=3085266,pdfs/saude/PL_608_2026.pdf
2603487,saude,PL 609/2026,"Supre o §10 do art. 32; dá nova redação ao §10 do art. 32; e acrescenta §§ 11 a 14 ao art. 32 todos da Lei nº 9.656, de 3 de junho de 1998.",2026-02-20T10:58,Tramitando em Conjunto,https://www.camara.leg.br/proposicoesWeb/prop_mostrarintegra?codteor=3085267,pdfs/saude/PL_609_2026.pdf
2603488,saude,PL 610/2026,"Acrescenta os arts. 15-A e 15-B à Lei nº 9.656, de 3 de junho de 1998.",2026-02-20T10:58,Tramitando em Conjunto,https://www.camara.leg.br/proposicoesWeb/prop_mostrarintegra?codteor=3085268,pdfs/saude/PL_610_2026.pdf
2603489,saude,PL 611/2026,"Dispõe sobre a regulamentação, valorização e proteção dos direitos sociais dos profissionais de Enfermagem que atuam na área de transplantes de órgãos, tecidos e células no Brasil. Estabelece Direitos Sociais, Deveres, Certificação Profissional de Especialista, e dá outras providências.",2026-02-20T10:58,Aguardando Designação de Relator(a),https://www.camara.leg.br/proposicoesWeb/prop_mostrarintegra?codteor=3085270,pdfs/saude/PL_611_2026.pdf
2603495,saude,PL 612/2026,"Acrescenta ao art. 16º da Medida Provisória, o inciso XXI, § 4º, § 5º, § 6º e § 7º que altera o art. 16º da Lei nº 8.080, de 19 de setembro de 1990.",2026-02-20T11:14,Tramitando em Conjunto,https://www.camara.leg.br/proposicoesWeb/prop_mostrarintegra?codteor=3085286,pdfs/saude/PL_612_2026.pdf
2603496,saude,PL 613/2026,"Acrescenta nova redação do art. 16 da Lei nº 9.656, de 3 de junho de 1998",2026-02-20T11:15,Aguardando Designação de Relator(a),https://www.camara.leg.br/proposicoesWeb/prop_mostrarintegra?codteor=3085287,pdfs/saude/PL_613_2026.pdf
2603513,saude,PL 616/2026,"Institui, no âmbito do Sistema Único de Saúde – SUS, a função de Profissional de Enfermagem Navegador.",2026-02-20T11:46,Aguardando Despacho do Presidente da Câmara dos Deputados (Autorização),https://www.camara.leg.br/proposicoesWeb/prop_mostrarintegra?codteor=3085336,pdfs/saude/PL_616_2026.pdf
2603619,saude,PLP 31/2026,"Regulamenta o § 1º do art. 201 da Constituição Federal para estabelecer critérios de caracterização de atividades exercidas sob condições especiais por vigilantes, independentemente do uso de arma de fogo, para fins de concessão de aposentadoria especial.",2026-02-20T14:49,Aguardando Despacho do Presidente da Câmara dos Deputados (Chancela),https://www.camara.leg.br/proposicoesWeb/prop_mostrarintegra?codteor=3085531,pdfs/saude/PLP_31_2026.pdf
2603624,saude,PL 619/2026,Institui o Programa de Fortalecimento e Estabilização Fiscal das Entidades Filantrópicas Prestadoras de Serviços ao Sistema Único de Saúde (PRO-SANTAS) e dá outras providências.,2026-02-20T14:52,Aguardando Designação de Relator(a),https://www.camara.leg.br/proposicoesWeb/prop_mostrarintegra?codteor=3085537,pdfs/saude/PL_619_2026.pdf
2603679,saude,PL 624/2026,"Altera a Lei n.º 14.790, de 29 de dezembro de 2023, para vedar a publicidade de apostas de quota fixa no transporte público coletivo e em espaços sensíveis, e a Lei n.º 8.987, de 13 de fevereiro de 1995, para estabelecer obrigações de transparência sobre receitas de publicidade em serviços públicos concedidos.",2026-02-20T16:58,Aguardando Parecer,https://www.camara.leg.br/proposicoesWeb/prop_mostrarintegra?codteor=3085777,pdfs/saude/PL_624_2026.pdf
2603689,saude,PL 631/2026,Cria o Marco Regulatório dos Planos de Assistência Veterinária (planos de saúde pet) e dá outras providências.,2026-02-20T17:32,Pronta para Pauta,https://www.camara.leg.br/proposicoesWeb/prop_mostrarintegra?codteor=3085788,pdfs/saude/PL_631_2026.pdf
2603690,saude,PL 632/2026,"Estabelece diretrizes gerais para o fortalecimento da atuação das enfermeiras obstétricas e das obstetrizes na atenção ao parto, ao nascimento e ao puerpério, no âmbito do Sistema Único de Saúde.",2026-02-20T17:34,Pronta para Pauta,https://www.camara.leg.br/proposicoesWeb/prop_mostrarintegra?codteor=3085789,pdfs/saude/PL_632_2026.pdf
2603696,saude,PL 637/2026,Estabelece diretrizes para a qualificação da atenção obstétrica no âmbito do Sistema Único de Saúde.,2026-02-20T17:52,Aguardando Designação de Relator(a),https://www.camara.leg.br/proposicoesWeb/prop_mostrarintegra?codteor=3085795,pdfs/saude/PL_637_2026.pdf
2603783,saude,PL 650/2026,"Dispõe sobre a implementação, no âmbito do Sistema único de Saúde – SUS, de protocolos clínicos experimentais envolvendo a substância polilaminina para tratamento de lesões medulares agudas e paralisias de origem traumática, e dá outras providências.",2026-02-23T12:55,Aguardando Designação de Relator(a),https://www.camara.leg.br/proposicoesWeb/prop_mostrarintegra?codteor=3085994,pdfs/saude/PL_650_2026.pdf
2603893,saude,PL 656/2026,"Institui reparação histórica às atletas integrantes da Seleção Brasileira Feminina de Futebol que representou o Brasil no Torneio Experimental da FIFA de 1988, e dá outras providências.",2026-02-23T15:53,Aguardando Parecer,https://www.camara.leg.br/proposicoesWeb/prop_mostrarintegra?codteor=3086195,pdfs/saude/PL_656_2026.pdf
2604019,saude,PL 678/2026,"Dispõe sobre a Política Nacional de Prevenção aos Riscos Psicossociais Relacionados ao Trabalho, estabelece diretrizes para promoção da saúde mental no ambiente laboral, prevê a participação de entidades do terceiro setor, e dá outras providências ( LEI NR1).",2026-02-24T12:56,Tramitando em Conjunto,https://www.camara.leg.br/proposicoesWeb/prop_mostrarintegra?codteor=3086751,pdfs/saude/PL_678_2026.pdf
2604036,saude,PL 687/2026,"Altera a Lei nº 15.211, de 2025 (ECA Digital), para instituir mecanismos de integridade algorítmica, limites ao design persuasivo e sistema de alerta parental em ambientes de mensageria.",2026-02-24T13:27,Aguardando Parecer,https://www.camara.leg.br/proposicoesWeb/prop_mostrarintegra?codteor=3086780,pdfs/saude/PL_687_2026.pdf
2604107,saude,PL 692/2026,"Altera o § 5º do art. 26 da Lei nº 8.080, de 19 de setembro de 1990, para dispor sobre a periodicidade semestral de revisão dos valores de remuneração dos serviços prestados ao Sistema Único de Saúde — SUS.",2026-02-24T13:58,Aguardando Designação de Relator(a),https://www.camara.leg.br/proposicoesWeb/prop_mostrarintegra?codteor=3086870,pdfs/saude/PL_692_2026.pdf
2604159,saude,PL 708/2026,"Institui o Protocolo Nacional de Consulta Ginecológica Unificada e Prevenção Integral à Saúde da Mulher no âmbito do Sistema Único de Saúde – SUS, cria o Cadastro Nacional de Prevenção à Saúde da Mulher, estabelecendo deveres da União, dos Estados, do Distrito Federal e dos Municípios, e dá outras providências",2026-02-24T15:01,Aguardando Designação de Relator(a),https://www.camara.leg.br/proposicoesWeb/prop_mostrarintegra?codteor=3086979,pdfs/saude/PL_708_2026.pdf
2604228,saude,PL 712/2026,"Altera a Lei nº 9.656, de 3 de junho de 1998, para reconhecer a cuidadora principal de pessoa com deficiência ou transtorno do neurodesenvolvimento como sujeito de direitos próprios e assegurar a cobertura de cuidado em saúde mental pelos planos privados de assistência à saúde, inclusive os de autogestão, e estabelece diretrizes no âmbito do Sistema Único de Saúde.",2026-02-24T16:27,Aguardando Designação de Relator(a),https://www.camara.leg.br/proposicoesWeb/prop_mostrarintegra?codteor=3087125,pdfs/saude/PL_712_2026.pdf
2604229,saude,PL 713/2026,Estabelece diretrizes para a organização da linha de cuidado às pessoas com doenças neurológicas no âmbito do Sistema Único de Saúde (SUS) e dá outras providências.,2026-02-24T16:28,Aguardando Designação de Relator(a),https://www.camara.leg.br/proposicoesWeb/prop_mostrarintegra?codteor=3087126,pdfs/saude/PL_713_2026.pdf
2604632,saude,PL 742/2026,"Proíbe a pulverização aérea de agrotóxicos em todo o território nacional, estabelece medidas de proteção à saúde humana, ao meio ambiente, aos recursos hídricos e às comunidades expostas, e dá outras providências.",2026-02-25T12:13,Tramitando em Conjunto,https://www.camara.leg.br/proposicoesWeb/prop_mostrarintegra?codteor=3087806,pdfs/saude/PL_742_2026.pdf
2604649,saude,PL 745/2026,"Altera a Lei nº 8.069, de 13 de julho de 1990, e a Lei nº 15.221, de 29 de setembro de 2025, para assegurar à gestante o direito ao parto normal com oferta de analgesia peridural, promover ações de informação e capacitação profissional e incentivar a redução de cesarianas desnecessárias.",2026-02-25T12:34,Pronta para Pauta,https://www.camara.leg.br/proposicoesWeb/prop_mostrarintegra?codteor=3087837,pdfs/saude/PL_745_2026.pdf
2604752,saude,PL 760/2026,Institui a Política Nacional de Proteção à Pessoa com Diabetes na realização de exames e procedimentos que exijam jejum prolongado.,2026-02-25T15:29,Tramitando em Conjunto,https://www.camara.leg.br/proposicoesWeb/prop_mostrarintegra?codteor=3088122,pdfs/saude/PL_760_2026.pdf
2604768,saude,PL 763/2026,Estabelece prazo máximo para disponibilização de medicamentos oncológicos incorporados ao Sistema Único de Saúde (SUS) e dá outras providências.,2026-02-25T15:57,Aguardando Designação de Relator(a),https://www.camara.leg.br/proposicoesWeb/prop_mostrarintegra?codteor=3088156,pdfs/saude/PL_763_2026.pdf
2604769,saude,PL 764/2026,Cria o Programa Nacional de Revitalização e Proteção de Territórios Impactados pela Criminalidade Organizada (PRPT-CO) e dá outras providências.,2026-02-25T15:59,Aguardando Designação de Relator(a),https://www.camara.leg.br/proposicoesWeb/prop_mostrarintegra?codteor=3088158,pdfs/saude/PL_764_2026.pdf
2604798,saude,PL 770/2026,"Institui o Programa Nacional de Solidariedade Veterinária, destinado ao recebimento de doações, reaproveitamento e distribuição gratuita de medicamentos, vacinas, insumos e rações para animais domésticos, e dá outras providências.",2026-02-25T16:42,Pronta para Pauta,https://www.camara.leg.br/proposicoesWeb/prop_mostrarintegra?codteor=3088210,pdfs/saude/PL_770_2026.pdf
2604799,saude,PL 771/2026,"Reconhece a Distrofia Muscular de Duchenne (DMD) como deficiência de caráter permanente, assegura às pessoas com DMD os direitos previstos na legislação aplicável às pessoas com deficiência e concede isenção de tributos incidentes sobre a aquisição e importação de equipamentos, dispositivos de mobilidade e veículos adaptados destinados ao seu uso com o objetivo de promover acessibilidade, mobilidade e melhoria da qualidade de vida.",2026-02-25T16:42,Aguardando Designação de Relator(a),https://www.camara.leg.br/proposicoesWeb/prop_mostrarintegra?codteor=3088211,pdfs/saude/PL_771_2026.pdf
2604874,saude,PL 780/2026,"Dispõe sobre o fornecimento de informações essenciais relativas ao estado de saúde de paciente impossibilitado de manifestar vontade, e dá outras providências.",2026-02-25T18:26,Pronta para Pauta,https://www.camara.leg.br/proposicoesWeb/prop_mostrarintegra?codteor=3088354,pdfs/saude/PL_780_2026.pdf
